1,1A,QUÍSOC,TUT,1A,1,3
2,1A,ESCANG,ANG,1A,1,4
2,1A,ESCANG,ANG,1A,2,6
2,1A,ESCANG,ANG,1A,5,5
2,1A,PONANG,ANG,1A,1,4
2,1A,PONANG,ANG,1A,2,6
2,1A,PONANG,ANG,1A,5,5
3,1A,AZNCAT,CAT,1A,4,1
3,1A,AZNCAT,CAT,1A,5,4
4,1A,AZNCAT,CAT,1A,2,1
4,1A,BOFORI,CAT,1A,2,1
5,1A,FALEFI,EFI,1A,2,4
5,1A,FALEFI,EFI,1A,4,5
6,1A,BEJEXP,BIO,1A,2,2
6,1A,BEJEXP,BIO,1A,3,3
7,1A,MUÑCAS,CAS,1A,2,5
7,1A,MUÑCAS,CAS,1A,3,1
7,1A,MUÑCAS,CAS,1A,5,6
8,1A,MARVIP,VIP,1A,1,6
8,1A,MARVIP,VIP,1A,3,6
9,1A,LAGMAT,MAT,1A,1,2
9,1A,LAGMAT,MAT,1A,4,6
10,1A,LAGMAT,MAT,1A,3,2
10,1A,MAT,MAT,1A,3,2
11,1A,ORVIP,MUS,1A,1,1
11,1A,ORVIP,MUS,1A,4,3
12,1A,SOTCAT,FRA,1A,5,2
13,1A,GÓMORI,MIS,1A,5,3
14,1A,QUÍSOC,SOC,1A,2,3
14,1A,QUÍSOC,SOC,1A,4,4
14,1A,QUÍSOC,SOC,1A,5,1
15,1A,CABTEC,TEC,1A,3,4
16,1B,MARVIP,TUT,1B,1,2
17,1B,ESCANG,ANG,1B,1,6
17,1B,ESCANG,ANG,1B,2,2
17,1B,ESCANG,ANG,1B,4,1
17,1B,PONANG,ANG,1B,1,6
17,1B,PONANG,ANG,1B,2,2
17,1B,PONANG,ANG,1B,4,1
18,1B,AZNCAT,CAT,1B,2,5
18,1B,AZNCAT,CAT,1B,4,3
19,1B,AZNCAT,CAT,1B,5,3
19,1B,BOFORI,CAT,1B,5,3
20,1B,FALEFI,EFI,1B,1,5
20,1B,FALEFI,EFI,1B,3,4
21,1B,BEJEXP,BIO,1B,2,4
21,1B,BEJEXP,BIO,1B,5,6
22,1B,MUÑCAS,CAS,1B,2,3
22,1B,MUÑCAS,CAS,1B,3,3
22,1B,MUÑCAS,CAS,1B,5,1
23,1B,GÓMORI,CiVE,1B,4,2
24,1B,MARVIP,VIP,1B,1,4
24,1B,MARVIP,VIP,1B,3,1
25,1B,LAGMAT,MAT,1B,3,5
25,1B,LAGMAT,MAT,1B,5,4
26,1B,LAGMAT,MAT,1B,1,1
26,1B,MAT,MAT,1B,1,1
27,1B,ORVIP,MUS,1B,2,1
27,1B,ORVIP,MUS,1B,4,4
28,1B,ANG,FRA,1B,4,6
29,1B,GÓMORI,MIS,1B,5,5
30,1B,QUÍSOC,SOC,1B,2,6
30,1B,QUÍSOC,SOC,1B,3,6
30,1B,QUÍSOC,SOC,1B,4,5
31,1B,CABTEC,TEC,1B,5,2
32,1C,PONANG,TUT,1C,1,3
33,1C,ESCANG,ANG,1C,2,1
33,1C,ESCANG,ANG,1C,4,3
33,1C,ESCANG,ANG,1C,5,3
33,1C,PONANG,ANG,1C,2,1
33,1C,PONANG,ANG,1C,4,3
33,1C,PONANG,ANG,1C,5,3
34,1C,AZNCAT,CAT,1C,1,2
34,1C,AZNCAT,CAT,1C,5,5
35,1C,AZNCAT,CAT,1C,3,1
35,1C,BOFORI,CAT,1C,3,1
36,1C,FALEFI,EFI,1C,1,4
36,1C,FALEFI,EFI,1C,3,2
37,1C,JOVEXP,BIO,1C,2,6
37,1C,JOVEXP,BIO,1C,3,5
38,1C,MUÑCAS,CAS,1C,1,1
38,1C,MUÑCAS,CAS,1C,2,2
38,1C,MUÑCAS,CAS,1C,4,4
39,1C,GÓMORI,CiVE,1C,4,1
40,1C,MARVIP,VIP,1C,1,5
40,1C,MARVIP,VIP,1C,4,2
41,1C,LAGMAT,MAT,1C,4,5
41,1C,LAGMAT,MAT,1C,5,6
42,1C,LAGMAT,MAT,1C,2,4
42,1C,MAT,MAT,1C,2,4
43,1C,ORVIP,MUS,1C,3,3
43,1C,ORVIP,MUS,1C,5,1
45,1C,GÓMORI,MIS,1C,3,6
46,1C,QUÍSOC,SOC,1C,2,5
46,1C,QUÍSOC,SOC,1C,3,4
46,1C,QUÍSOC,SOC,1C,5,2
47,1C,CABTEC,TEC,1C,2,3
49,1D,ESCANG,ANG,1D,1,3
49,1D,ESCANG,ANG,1D,3,3
49,1D,ESCANG,ANG,1D,5,2
49,1D,ANG,ANG,1D,1,3
49,1D,ANG,ANG,1D,3,3
49,1D,ANG,ANG,1D,5,2
50,1D,AZNCAT,CAT,1D,1,1
50,1D,AZNCAT,CAT,1D,3,2
51,1D,AZNCAT,CAT,1D,2,4
51,1D,ROMCAT,CAT,1D,2,4
52,1D,FALEFI,EFI,1D,2,3
52,1D,FALEFI,EFI,1D,4,2
53,1D,JOVEXP,BIO,1D,4,5
53,1D,JOVEXP,BIO,1D,5,5
54,1D,MUÑCAS,CAS,1D,2,1
54,1D,MUÑCAS,CAS,1D,3,5
54,1D,MUÑCAS,CAS,1D,5,4
55,1D,GÓMORI,CiVE,1D,4,3
56,1D,MARVIP,VIP,1D,2,2
56,1D,MARVIP,VIP,1D,5,1
57,1D,LAGMAT,MAT,1D,1,4
57,1D,LAGMAT,MAT,1D,3,6
58,1D,LAGMAT,MAT,1D,2,5
58,1D,MAT,MAT,1D,2,5
59,1D,ORVIP,MUS,1D,3,4
59,1D,ORVIP,MUS,1D,5,6
60,1D,ANG,FRA,1D,2,6
61,1D,GÓMORI,MIS,1D,1,5
62,1D,QUÍSOC,SOC,1D,1,6
62,1D,QUÍSOC,SOC,1D,4,6
62,1D,QUÍSOC,SOC,1D,5,3
63,1D,CABTEC,TEC,1D,4,4
64,1E,CABTEC,TUT,1E,4,3
65,1E,ESCANG,ANG,1E,2,5
65,1E,ESCANG,ANG,1E,4,5
65,1E,ANG,ANG,1E,2,5
65,1E,ANG,ANG,1E,4,5
66,1E,AZNCAT,CAT,1E,2,3
66,1E,AZNCAT,CAT,1E,4,2
67,1E,AZNCAT,CAT,1E,1,4
67,1E,ROMCAT,CAT,1E,1,4
68,1E,FALEFI,EFI,1E,1,2
68,1E,FALEFI,EFI,1E,3,1
69,1E,JOVEXP,BIO,1E,3,3
69,1E,JOVEXP,BIO,1E,4,1
70,1E,MUÑCAS,CAS,1E,2,6
70,1E,MUÑCAS,CAS,1E,3,6
70,1E,MUÑCAS,CAS,1E,5,3
71,1E,GÓMORI,CiVE,1E,5,6
72,1E,MARVIP,VIP,1E,3,5
72,1E,MARVIP,VIP,1E,5,2
73,1E,LAGMAT,MAT,1E,3,4
73,1E,LAGMAT,MAT,1E,4,4
74,1E,LAGMAT,MAT,1E,5,5
74,1E,MAT,MAT,1E,5,5
75,1E,ORVIP,MUS,1E,1,3
75,1E,ORVIP,MUS,1E,5,4
76,1E,ANG,FRA,1E,1,5
77,1E,GÓMORI,MIS,1E,2,1
78,1E,PASSOC,SOC,1E,2,4
78,1E,PASSOC,SOC,1E,3,2
78,1E,PASSOC,SOC,1E,4,6
79,1E,CABTEC,TEC,1E,1,6
80,1F,GALDIV,TEC,1F,2,5
80,1F,GALDIV,TEC,1F,5,3
80,1F,FERDIV,TEC,1F,2,5
80,1F,FERDIV,TEC,1F,5,3
80,1F,SOBDIV,TEC,1F,2,5
80,1F,SOBDIV,TEC,1F,5,3
81,1F,BARDIV,TEC,1F,3,3
81,1F,BARDIV,TEC,1F,4,5
81,1F,BRIDIV,TEC,1F,3,3
81,1F,BRIDIV,TEC,1F,4,5
81,1F,MARDIV,TEC,1F,3,3
81,1F,MARDIV,TEC,1F,4,5
82,1F,GALDIV,TEC,1F,3,4
82,1F,BORVIP,TEC,1F,3,4
82,1F,BRIDIV,TEC,1F,3,4
82,1F,MUNORI,TEC,1F,3,4
82,1F,MARDIV,TEC,1F,3,4
82,1F,SOBDIV,TEC,1F,3,4
83,1F,GALDIV,TEC,1F,1,5
83,1F,BORVIP,TEC,1F,1,5
83,1F,BRIDIV,TEC,1F,1,5
83,1F,MUNORI,TEC,1F,1,5
83,1F,MARDIV,TEC,1F,1,5
83,1F,SOBDIV,TEC,1F,1,5
84,1F,GALDIV,TEC,1F,5,4
84,1F,FERDIV,TEC,1F,5,4
84,1F,FLOINF,TEC,1F,5,4
84,1F,TRIINF,TEC,1F,5,4
85,1F,GALDIV,TEC,1F,4,4
85,1F,FERDIV,TEC,1F,4,4
85,1F,FLOINF,TEC,1F,4,4
85,1F,TRIINF,TEC,1F,4,4
86,1F,BARDIV,TUT,1F,2,1
86,1F,BARDIV,TUT,1F,5,2
87,1F,MUNORI,ANG,1F,3,5
87,1F,MUNORI,ANG,1F,5,6
88,1F,PONANG,ANG,1F,2,4
89,1F,GALDIV,CAT,1F,1,2
89,1F,GALDIV,CAT,1F,3,2
89,1F,GALDIV,CAT,1F,4,1
90,1F,SOBDIV,EFI,1F,1,6
90,1F,SOBDIV,EFI,1F,4,6
91,1F,EFI,EFI,1F,2,6
91,1F,FALEFI,EFI,1F,2,6
92,1F,GALDIV,LEC,1F,1,3
92,1F,AZNCAT,LEC,1F,1,3
93,1F,BRIDIV,BIO,1F,1,4
93,1F,BRIDIV,BIO,1F,3,1
94,1F,MARDIV,CAS,1F,2,3
94,1F,MARDIV,CAS,1F,4,3
94,1F,MARDIV,CAS,1F,5,5
95,1F,BARDIV,MAT,1F,1,1
95,1F,BARDIV,MAT,1F,3,6
95,1F,BARDIV,MAT,1F,5,1
96,1F,GALDIV,SOC,1F,2,2
96,1F,GALDIV,SOC,1F,4,2
97,2A,MUÑTEC,TUT,2A,1,5
98,2A,VEIANG,ANG,2A,1,3
98,2A,VEIANG,ANG,2A,3,3
98,2A,VEIANG,ANG,2A,4,1
98,2A,BLAANG,ANG,2A,1,3
98,2A,BLAANG,ANG,2A,3,3
98,2A,BLAANG,ANG,2A,4,1
99,2A,VEIANG,ANG,2A,2,5
100,2A,ALZCAT,CAT,2A,2,2
100,2A,ALZCAT,CAT,2A,4,4
100,2A,ALZCAT,CAT,2A,5,5
101,2A,EFI,EFI,2A,3,5
101,2A,EFI,EFI,2A,5,2
102,2A,EXP,FIQ,2A,3,2
102,2A,EXP,FIQ,2A,5,6
103,2A,SUECAS,CAS,2A,1,6
103,2A,SUECAS,CAS,2A,5,4
104,2A,SUECAS,CAS,2A,4,2
104,2A,TORSOC,CAS,2A,4,2
105,2A,MIGMAT,MAT,2A,3,4
105,2A,MIGMAT,MAT,2A,4,3
105,2A,MIGMAT,MAT,2A,5,3
106,2A,LAGMAT,MAT,2A,2,6
106,2A,MIGMAT,MAT,2A,2,6
107,2A,BORVIP,MUS,2A,1,2
107,2A,BORVIP,MUS,2A,3,6
108,2A,RUIORI,MIS,2A,3,1
109,2A,TORSOC,SOC,2A,2,1
109,2A,TORSOC,SOC,2A,4,5
109,2A,TORSOC,SOC,2A,5,1
110,2A,MUÑTEC,TEC,2A,4,6
111,2B,SUECAS,TUT,2B,4,6
112,2B,VEIANG,ANG,2B,1,4
112,2B,VEIANG,ANG,2B,3,1
112,2B,VEIANG,ANG,2B,4,2
112,2B,BLAANG,ANG,2B,1,4
112,2B,BLAANG,ANG,2B,3,1
112,2B,BLAANG,ANG,2B,4,2
113,2B,VEIANG,ANG,2B,2,1
114,2B,ALZCAT,CAT,2B,2,4
114,2B,ALZCAT,CAT,2B,3,4
114,2B,ALZCAT,CAT,2B,5,3
115,2B,EFI,EFI,2B,5,5
116,2B,EXP,FIQ,2B,4,1
116,2B,EXP,FIQ,2B,5,1
117,2B,SUECAS,CAS,2B,3,5
117,2B,SUECAS,CAS,2B,5,6
118,2B,DONCAT,CAS,2B,4,4
118,2B,SUECAS,CAS,2B,4,4
119,2B,RUIORI,CiVE,2B,2,3
120,2B,MIGMAT,MAT,2B,1,5
120,2B,MIGMAT,MAT,2B,2,5
120,2B,MIGMAT,MAT,2B,3,6
121,2B,MARMAT,MAT,2B,5,4
121,2B,MIGMAT,MAT,2B,5,4
122,2B,BORVIP,MUS,2B,3,2
122,2B,BORVIP,MUS,2B,5,2
123,2B,RUIORI,MIS,2B,1,3
124,2B,TORSOC,SOC,2B,1,2
124,2B,TORSOC,SOC,2B,2,2
124,2B,TORSOC,SOC,2B,4,3
125,2B,MUÑTEC,TEC,2B,4,5
126,2C,EXP,TUT,2C,4,2
127,2C,VEIANG,ANG,2C,1,6
127,2C,VEIANG,ANG,2C,5,3
127,2C,ANG,ANG,2C,1,6
127,2C,ANG,ANG,2C,5,3
128,2C,VEIANG,ANG,2C,3,5
129,2C,ALZCAT,CAT,2C,1,5
129,2C,ALZCAT,CAT,2C,3,3
129,2C,ALZCAT,CAT,2C,5,1
130,2C,EFI,EFI,2C,2,3
130,2C,EFI,EFI,2C,4,3
131,2C,EXP,FIQ,2C,3,6
131,2C,EXP,FIQ,2C,4,6
132,2C,SUECAS,CAS,2C,1,2
132,2C,SUECAS,CAS,2C,4,1
133,2C,SUECAS,CAS,2C,3,4
133,2C,GONCAS,CAS,2C,3,4
134,2C,RUIORI,CiVE,2C,2,2
135,2C,MIGMAT,MAT,2C,1,3
135,2C,MIGMAT,MAT,2C,2,4
135,2C,MIGMAT,MAT,2C,4,5
136,2C,MARMAT,MAT,2C,5,6
136,2C,MIGMAT,MAT,2C,5,6
137,2C,BORVIP,MUS,2C,1,4
137,2C,BORVIP,MUS,2C,3,1
138,2C,RUIORI,MIS,2C,5,2
139,2C,TORSOC,SOC,2C,2,5
139,2C,TORSOC,SOC,2C,4,4
139,2C,TORSOC,SOC,2C,5,5
140,2C,MUÑTEC,TEC,2C,3,2
141,2D,ALZCAT,TUT,2D,4,3
142,2D,VEIANG,ANG,2D,2,3
142,2D,VEIANG,ANG,2D,3,4
142,2D,ANG,ANG,2D,2,3
142,2D,ANG,ANG,2D,3,4
143,2D,VEIANG,ANG,2D,1,5
144,2D,ALZCAT,CAT,2D,2,1
144,2D,ALZCAT,CAT,2D,4,5
144,2D,ALZCAT,CAT,2D,5,4
145,2D,EFI,EFI,2D,2,4
145,2D,EFI,EFI,2D,5,1
146,2D,SALEXP,FIQ,2D,3,6
146,2D,SALEXP,FIQ,2D,4,2
147,2D,SUECAS,CAS,2D,1,3
147,2D,SUECAS,CAS,2D,5,5
148,2D,CALCAT,CAS,2D,3,3
148,2D,SUECAS,CAS,2D,3,3
149,2D,RUIORI,CiVE,2D,2,5
150,2D,MAT,MAT,2D,1,4
150,2D,MAT,MAT,2D,3,5
150,2D,MAT,MAT,2D,5,3
151,2D,MARMAT,MAT,2D,4,4
151,2D,MAT,MAT,2D,4,4
152,2D,ORVIP,MUS,2D,1,6
152,2D,ORVIP,MUS,2D,4,1
153,2D,RUIORI,MIS,2D,3,2
154,2D,TORSOC,SOC,2D,2,6
154,2D,TORSOC,SOC,2D,4,6
154,2D,TORSOC,SOC,2D,5,2
155,2D,MUÑTEC,TEC,2D,5,6
156,2E,ANG,TUT,2E,3,6
157,2E,VEIANG,ANG,2E,2,4
157,2E,VEIANG,ANG,2E,3,2
157,2E,VEIANG,ANG,2E,4,3
157,2E,ANG,ANG,2E,2,4
157,2E,ANG,ANG,2E,3,2
157,2E,ANG,ANG,2E,4,3
158,2E,ANG,ANG,2E,5,5
159,2E,ALZCAT,CAT,2E,1,6
159,2E,ALZCAT,CAT,2E,2,6
159,2E,ALZCAT,CAT,2E,4,6
160,2E,EFI,EFI,2E,1,4
160,2E,EFI,EFI,2E,3,3
161,2E,SALEXP,FIQ,2E,1,3
161,2E,SALEXP,FIQ,2E,5,1
162,2E,SUECAS,CAS,2E,1,5
162,2E,SUECAS,CAS,2E,3,1
163,2E,SUECAS,CAS,2E,5,2
163,2E,ALZCAT,CAS,2E,5,2
164,2E,RUIORI,CiVE,2E,5,4
165,2E,MAT,MAT,2E,2,1
165,2E,MAT,MAT,2E,2,2
165,2E,MAT,MAT,2E,4,2
167,2E,ORVIP,MUS,2E,1,2
167,2E,ORVIP,MUS,2E,4,5
168,2E,RUIORI,MIS,2E,4,1
169,2E,TORSOC,SOC,2E,2,3
169,2E,TORSOC,SOC,2E,3,5
169,2E,TORSOC,SOC,2E,5,3
170,2E,MUÑTEC,TEC,2E,2,5
171,2F,BRIDIV,TUT,2F,2,6
171,2F,BRIDIV,TUT,2F,4,4
172,2F,MUNORI,ANG,2F,1,4
172,2F,MUNORI,ANG,2F,3,3
172,2F,MUNORI,ANG,2F,5,4
173,2F,FERDIV,CAT,2F,2,2
173,2F,FERDIV,CAT,2F,4,3
173,2F,FERDIV,CAT,2F,5,6
174,2F,SOBDIV,EFI,2F,1,3
174,2F,SOBDIV,EFI,2F,4,5
175,2F,EFI,EFI,2F,2,5
176,2F,GALDIV,LEC,2F,2,1
177,2F,BRIDIV,BIO,2F,1,2
177,2F,BRIDIV,BIO,2F,4,2
178,2F,MARDIV,CAS,2F,2,4
178,2F,MARDIV,CAS,2F,3,2
178,2F,MARDIV,CAS,2F,5,3
179,2F,BARDIV,MAT,2F,1,5
179,2F,BARDIV,MAT,2F,2,3
179,2F,BARDIV,MAT,2F,5,5
180,2F,GALDIV,SOC,2F,3,1
180,2F,GALDIV,SOC,2F,5,2
181,3A,MAIMAT,TUT,3A,5,6
182,3A,AGUANG,ANG,3A,1,4
182,3A,AGUANG,ANG,3A,3,5
182,3A,AGUANG,ANG,3A,4,4
183,3A,GUICAT,CAT,3A,1,6
183,3A,GUICAT,CAT,3A,4,6
183,3A,GUICAT,CAT,3A,5,2
184,3A,EFI,EFI,3A,1,3
184,3A,EFI,EFI,3A,3,4
185,3A,JOVEXP,BIO,3A,4,3
186,3A,GONCAS,CAS,3A,2,5
186,3A,GONCAS,CAS,3A,3,1
187,3A,MAIMAT,MAT,3A,2,1
187,3A,MAIMAT,MAT,3A,3,3
187,3A,MAIMAT,MAT,3A,4,5
188,3A,MAIMAT,MAT,3A,1,2
188,3A,MAT,MAT,3A,1,2
189,3A,OSÉVIP,VIP,3A,3,6
189,3A,OSÉVIP,VIP,3A,5,5
190,3A,SANTEC,TEC,3A,2,6
191,3A,GUISOC,SOC,3A,2,2
191,3A,GUISOC,SOC,3A,4,2
191,3A,GUISOC,SOC,3A,5,1
192,3A,SALEXP,FIQ,3A,4,1
193,3B,OSÉVIP,TUT,3B,4,3
194,3B,AGUANG,ANG,3B,1,6
194,3B,AGUANG,ANG,3B,2,2
194,3B,AGUANG,ANG,3B,4,2
195,3B,GUICAT,CAT,3B,2,1
195,3B,GUICAT,CAT,3B,3,3
195,3B,GUICAT,CAT,3B,5,1
196,3B,EFI,EFI,3B,3,6
196,3B,EFI,EFI,3B,5,6
197,3B,GAREXP,BIO,3B,3,4
198,3B,GONCAS,CAS,3B,2,3
198,3B,GONCAS,CAS,3B,5,4
199,3B,SOJORI,CiVE,3B,5,5
200,3B,MAIMAT,MAT,3B,1,3
200,3B,MAIMAT,MAT,3B,2,6
200,3B,MAIMAT,MAT,3B,4,1
201,3B,MAIMAT,MAT,3B,5,2
201,3B,MAT,MAT,3B,5,2
202,3B,OSÉVIP,VIP,3B,1,4
202,3B,OSÉVIP,VIP,3B,3,5
203,3B,SANTEC,TEC,3B,2,5
204,3B,GUISOC,SOC,3B,1,1
204,3B,GUISOC,SOC,3B,3,1
204,3B,GUISOC,SOC,3B,4,6
205,3B,SALEXP,FIQ,3B,3,2
206,3C,GONCAS,TUT,3C,1,6
207,3C,AGUANG,ANG,3C,2,3
207,3C,AGUANG,ANG,3C,3,3
207,3C,AGUANG,ANG,3C,5,2
208,3C,GUICAT,CAT,3C,1,5
208,3C,GUICAT,CAT,3C,3,4
208,3C,GUICAT,CAT,3C,4,4
209,3C,EFI,EFI,3C,1,1
209,3C,EFI,EFI,3C,4,6
210,3C,GAREXP,BIO,3C,1,2
211,3C,GONCAS,CAS,3C,2,6
211,3C,GONCAS,CAS,3C,5,5
212,3C,SOJORI,CiVE,3C,4,2
213,3C,MAT,MAT,3C,4,1
213,3C,MAT,MAT,3C,5,1
214,3C,MAIMAT,MAT,3C,3,6
214,3C,MAT,MAT,3C,3,6
215,3C,OSÉVIP,VIP,3C,3,1
215,3C,OSÉVIP,VIP,3C,5,4
216,3C,SANTEC,TEC,3C,1,4
217,3C,GUISOC,SOC,3C,1,3
217,3C,GUISOC,SOC,3C,2,5
217,3C,GUISOC,SOC,3C,4,5
218,3C,BAREXP,FIQ,3C,2,2
220,3D,ANG,ANG,3D,2,1
220,3D,ANG,ANG,3D,5,6
221,3D,GUICAT,CAT,3D,3,5
221,3D,GUICAT,CAT,3D,4,5
221,3D,GUICAT,CAT,3D,5,5
223,3D,IZQEXP,BIO,3D,3,4
224,3D,GONCAS,CAS,3D,2,2
224,3D,GONCAS,CAS,3D,4,2
225,3D,SOJORI,CiVE,3D,1,4
226,3D,MAT,MAT,3D,1,3
226,3D,MAT,MAT,3D,4,3
226,3D,MAT,MAT,3D,5,4
227,3D,MAT,MAT,3D,3,3
228,3D,OSÉVIP,VIP,3D,1,1
228,3D,OSÉVIP,VIP,3D,2,5
229,3D,SANTEC,TEC,3D,3,1
230,3D,GUISOC,SOC,3D,1,5
230,3D,GUISOC,SOC,3D,2,3
230,3D,GUISOC,SOC,3D,4,4
231,3D,BAREXP,FIQ,3D,3,2
232,3E,SANTEC,TUT,3E,3,5
233,3E,GILANG,ANG,3E,1,5
233,3E,GILANG,ANG,3E,2,5
233,3E,GILANG,ANG,3E,4,3
234,3E,GUICAT,CAT,3E,1,3
234,3E,GUICAT,CAT,3E,3,6
234,3E,GUICAT,CAT,3E,5,4
235,3E,EFI,EFI,3E,2,2
235,3E,EFI,EFI,3E,4,4
236,3E,IZQEXP,BIO,3E,2,1
237,3E,GONCAS,CAS,3E,1,4
237,3E,GONCAS,CAS,3E,5,1
238,3E,SOJORI,CiVE,3E,5,6
239,3E,MAT,MAT,3E,1,6
239,3E,MAT,MAT,3E,3,1
239,3E,MAT,MAT,3E,4,5
240,3E,MAT,MAT,3E,2,3
241,3E,OSÉVIP,VIP,3E,1,2
241,3E,OSÉVIP,VIP,3E,4,6
242,3E,SANTEC,TEC,3E,5,5
243,3E,GUISOC,SOC,3E,2,6
243,3E,GUISOC,SOC,3E,3,2
243,3E,GUISOC,SOC,3E,5,2
244,3E,BAREXP,FIQ,3E,1,1
245,3F,GALDIV,TEC,3F,2,4
245,3F,GALDIV,TEC,3F,3,6
245,3F,FERDIV,TEC,3F,2,4
245,3F,FERDIV,TEC,3F,3,6
245,3F,SOBDIV,TEC,3F,2,4
245,3F,SOBDIV,TEC,3F,3,6
246,3F,BARDIV,TEC,3F,3,5
246,3F,BARDIV,TEC,3F,5,6
246,3F,BRIDIV,TEC,3F,3,5
246,3F,BRIDIV,TEC,3F,5,6
246,3F,MARDIV,TEC,3F,3,5
246,3F,MARDIV,TEC,3F,5,6
247,3F,FERDIV,TUT,3F,1,2
247,3F,FERDIV,TUT,3F,3,4
248,3F,MUNORI,ANG,3F,3,2
248,3F,MUNORI,ANG,3F,5,2
249,3F,MARDIV,CAS,3F,1,4
249,3F,MARDIV,CAS,3F,4,1
250,3F,FERDIV,CAT,3F,3,3
250,3F,FERDIV,CAT,3F,5,5
251,3F,SOBDIV,EFI,3F,2,6
251,3F,SOBDIV,EFI,3F,3,1
252,3F,SOBDIV,EFI,3F,5,4
253,3F,GALDIV,EXP,3F,5,1
253,3F,AZNCAT,EXP,3F,5,1
254,3F,BRIDIV,BIO,3F,2,2
254,3F,BRIDIV,BIO,3F,5,3
255,3F,BARDIV,MAT,3F,1,3
255,3F,BARDIV,MAT,3F,2,5
255,3F,BARDIV,MAT,3F,4,4
256,3F,BRIDIV,FIQ,3F,1,1
257,3F,MUNORI,ORI,3F,4,3
258,3F,FERDIV,TEC,3F,4,6
258,3F,BARDIV,TEC,3F,4,6
258,3F,BRIDIV,TEC,3F,4,6
258,3F,MARDIV,TEC,3F,4,6
259,3F,FERDIV,TEC,3F,1,6
259,3F,MARDIV,TEC,3F,1,6
260,3F,FERDIV,PR4,3F,1,5
260,3F,FERDIV,PR4,3F,2,3
260,3F,FERDIV,PR4,3F,4,5
261,3F,MARDIV,SOC,3F,2,1
261,3F,MARDIV,SOC,3F,4,2
262,4A,EFI,TUT,4A,4,1
263,4A,GILANG,ANG,4A,1,4
263,4A,GILANG,ANG,4A,5,6
264,4A,ESCANG,ANG,4A,2,3
264,4A,GILANG,ANG,4A,2,3
265,4A,ANGCAS,CAS,4A,3,2
265,4A,ANGCAS,CAS,4A,5,3
266,4A,ANGCAS,CAS,4A,1,6
266,4A,BOFORI,CAS,4A,1,6
267,4A,CALCAT,CAT,4A,1,3
267,4A,ROMCAT,CAT,4A,1,3
268,4A,CALCAT,CAT,4A,3,1
268,4A,CALCAT,CAT,4A,5,4
269,4A,EFI,EFI,4A,1,2
269,4A,EFI,EFI,4A,4,2
270,4A,ROVORI,ORI,4A,2,1
271,4A,ALBSOC,SOC,4A,2,5
271,4A,ALBSOC,SOC,4A,3,6
271,4A,ALBSOC,SOC,4A,5,5
272,4B,CALCAT,TUT,4B,2,6
273,4B,AGUANG,ANG,4B,4,6
273,4B,AGUANG,ANG,4B,5,6
274,4B,AGUANG,ANG,4B,1,2
274,4B,BLAANG,ANG,4B,1,2
275,4B,ANGCAS,CAS,4B,1,3
275,4B,ANGCAS,CAS,4B,3,4
276,4B,SUECAS,CAS,4B,4,5
276,4B,BOFORI,CAS,4B,4,5
277,4B,CALCAT,CAT,4B,5,3
277,4B,ROMCAT,CAT,4B,5,3
278,4B,CALCAT,CAT,4B,2,5
278,4B,CALCAT,CAT,4B,3,2
279,4B,EFI,EFI,4B,2,1
279,4B,EFI,EFI,4B,5,4
280,4B,ROVORI,CiVE,4B,5,5
281,4B,ROVORI,ORI,4B,1,5
282,4B,BORMAT,MAT,4B,1,4
282,4B,BORMAT,MAT,4B,2,3
283,4B,PASSOC,SOC,4B,1,6
283,4B,PASSOC,SOC,4B,3,6
283,4B,PASSOC,SOC,4B,4,1
284,4C,MAT,TUT,4C,5,6
285,4C,AGUANG,ANG,4C,1,5
285,4C,AGUANG,ANG,4C,4,1
286,4C,AGUANG,ANG,4C,3,2
286,4C,BLAANG,ANG,4C,3,2
287,4C,ANGCAS,CAS,4C,1,4
287,4C,ANGCAS,CAS,4C,4,6
288,4C,ANGCAS,CAS,4C,5,4
288,4C,BOFORI,CAS,4C,5,4
289,4C,CALCAT,CAT,4C,4,2
289,4C,ROMCAT,CAT,4C,4,2
290,4C,CALCAT,CAT,4C,1,2
290,4C,CALCAT,CAT,4C,2,1
291,4C,EFI,EFI,4C,3,1
291,4C,EFI,EFI,4C,5,3
292,4C,ROVORI,CiVE,4C,1,6
293,4C,ROVORI,ORI,4C,2,3
294,4C,BORMAT,MAT,4C,1,3
294,4C,BORMAT,MAT,4C,4,5
295,4C,PASSOC,SOC,4C,2,6
295,4C,PASSOC,SOC,4C,3,4
295,4C,PASSOC,SOC,4C,5,5
296,4D,BORMAT,TUT,4D,1,2
297,4D,GILANG,ANG,4D,1,3
297,4D,GILANG,ANG,4D,5,5
298,4D,AGUANG,ANG,4D,3,1
298,4D,GILANG,ANG,4D,3,1
299,4D,CAS,CAS,4D,1,4
299,4D,CAS,CAS,4D,2,5
300,4D,CAS,CAS,4D,4,6
300,4D,BOFORI,CAS,4D,4,6
301,4D,CALCAT,CAT,4D,3,4
301,4D,ROMCAT,CAT,4D,3,4
302,4D,CALCAT,CAT,4D,2,3
302,4D,CALCAT,CAT,4D,5,6
303,4D,EFI,EFI,4D,1,5
303,4D,EFI,EFI,4D,4,5
304,4D,ROVORI,CiVE,4D,2,6
305,4D,ROVORI,ORI,4D,3,6
306,4D,BORMAT,MAT,4D,4,1
306,4D,BORMAT,MAT,4D,5,3
307,4D,PASSOC,SOC,4D,2,1
307,4D,PASSOC,SOC,4D,4,2
307,4D,PASSOC,SOC,4D,5,4
308,4E,CAS,TUT,4E,1,3
309,4E,GILANG,ANG,4E,2,1
309,4E,GILANG,ANG,4E,4,2
310,4E,AGUANG,ANG,4E,5,4
310,4E,GILANG,ANG,4E,5,4
311,4E,CAS,CAS,4E,3,6
311,4E,CAS,CAS,4E,5,6
312,4E,CAS,CAS,4E,2,3
312,4E,BOFORI,CAS,4E,2,3
313,4E,CALCAT,CAT,4E,4,1
313,4E,ROMCAT,CAT,4E,4,1
314,4E,CALCAT,CAT,4E,1,4
314,4E,CALCAT,CAT,4E,5,5
315,4E,EFI,EFI,4E,1,6
315,4E,EFI,EFI,4E,3,2
316,4E,ROVORI,CiVE,4E,2,5
317,4E,ROVORI,ORI,4E,1,2
318,4E,PASSOC,SOC,4E,3,1
318,4E,PASSOC,SOC,4E,4,5
318,4E,PASSOC,SOC,4E,5,3
319,4F,SOBDIV,TUT,4F,1,2
319,4F,SOBDIV,TUT,4F,4,3
320,4F,MUNORI,ANG,4F,2,5
320,4F,MUNORI,ANG,4F,4,4
321,4F,FERDIV,CAT,4F,1,3
321,4F,FERDIV,CAT,4F,3,5
322,4F,SOBDIV,EFI,4F,3,3
322,4F,SOBDIV,EFI,4F,5,6
323,4F,BRIDIV,BIO,4F,2,4
323,4F,BRIDIV,BIO,4F,5,5
324,4F,MARDIV,CAS,4F,2,2
324,4F,MARDIV,CAS,4F,5,2
325,4F,BARDIV,MAT,4F,2,6
325,4F,BARDIV,MAT,4F,5,3
326,4F,MUNORI,ORI,4F,1,6
326,4F,MUNORI,ORI,4F,3,6
327,4F,ALBSOC,SOC,4F,1,1
327,4F,ALBSOC,SOC,4F,3,4
328,4F,,DES,4F,1,4
328,4F,,DES,4F,1,5
328,4F,,DES,4F,2,3
328,4F,,DES,4F,3,1
328,4F,,DES,4F,3,2
328,4F,,DES,4F,4,5
328,4F,,DES,4F,4,6
328,4F,,DES,4F,5,4
329,1BATA,ANGCAS,TUT,1BATA,1,5
330,1BATA,BLAANG,ANG,1BATA,1,6
330,1BATA,BLAANG,ANG,1BATA,3,5
330,1BATA,BLAANG,ANG,1BATA,4,4
331,1BATA,ROMCAT,CAT,1BATA,2,1
331,1BATA,ROMCAT,CAT,1BATA,5,5
332,1BATA,FALEFI,EFI,1BATA,1,1
332,1BATA,FALEFI,EFI,1BATA,3,6
333,1BATA,ANGCAS,CAS,1BATA,2,6
333,1BATA,ANGCAS,CAS,1BATA,5,6
334,1BATA,TOR2SOC,HFIL,1BATA,2,5
334,1BATA,TOR2SOC,HFIL,1BATA,4,5
335,1BATB,BLAANG,TUT,1BATB,2,1
336,1BATB,BLAANG,ANG,1BATB,1,1
336,1BATB,BLAANG,ANG,1BATB,2,6
336,1BATB,BLAANG,ANG,1BATB,4,5
337,1BATB,ROMCAT,CAT,1BATB,1,5
337,1BATB,ROMCAT,CAT,1BATB,4,4
338,1BATB,FALEFI,EFI,1BATB,1,6
338,1BATB,FALEFI,EFI,1BATB,3,5
339,1BATB,ANGCAS,CAS,1BATB,2,5
339,1BATB,ANGCAS,CAS,1BATB,5,5
340,1BATB,TOR2SOC,HFIL,1BATB,3,6
340,1BATB,TOR2SOC,HFIL,1BATB,5,6
341,1BATC,ROMCAT,TUT,1BATC,4,5
342,1BATC,BLAANG,ANG,1BATC,1,5
342,1BATC,BLAANG,ANG,1BATC,2,5
342,1BATC,BLAANG,ANG,1BATC,5,6
343,1BATC,ROMCAT,CAT,1BATC,1,6
343,1BATC,ROMCAT,CAT,1BATC,3,5
344,1BATC,FALEFI,EFI,1BATC,2,1
344,1BATC,FALEFI,EFI,1BATC,4,4
345,1BATC,ANGCAS,CAS,1BATC,1,1
345,1BATC,ANGCAS,CAS,1BATC,3,6
346,1BATC,TOR2SOC,HFIL,1BATC,2,6
346,1BATC,TOR2SOC,HFIL,1BATC,5,5
347,2BATA,PARSOC,TUT,2BATA,1,1
348,2BATA,GILANG,ANG,2BATA,2,6
348,2BATA,GILANG,ANG,2BATA,3,3
348,2BATA,GILANG,ANG,2BATA,4,1
349,2BATA,MASCAT,CAT,2BATA,1,2
350,2BATA,PARSOC,HESP,2BATA,2,2
350,2BATA,PARSOC,HESP,2BATA,4,6
350,2BATA,PARSOC,HESP,2BATA,5,2
351,2BATA,CAS,CAS,2BATA,5,1
352,2BATA,TOR2SOC,HFIL,2BATA,2,4
352,2BATA,TOR2SOC,HFIL,2BATA,3,2
352,2BATA,TOR2SOC,HFIL,2BATA,5,3
353,2BATB,MASCAT,TUT,2BATB,1,1
354,2BATB,GILANG,ANG,2BATB,2,4
354,2BATB,GILANG,ANG,2BATB,3,2
354,2BATB,GILANG,ANG,2BATB,5,3
355,2BATB,MASCAT,CAT,2BATB,4,1
356,2BATB,PARSOC,HESP,2BATB,1,2
356,2BATB,PARSOC,HESP,2BATB,2,6
356,2BATB,PARSOC,HESP,2BATB,5,6
357,2BATB,CAS,CAS,2BATB,3,3
358,2BATB,TOR2SOC,HFIL,2BATB,3,4
358,2BATB,TOR2SOC,HFIL,2BATB,4,6
358,2BATB,TOR2SOC,HFIL,2BATB,5,1
359,SMX1,TRIINF,TUT,SMX1,2,6
360,SMX1,TERINF,SMX0221,SMX1,1,4
360,SMX1,TERINF,SMX0221,SMX1,3,4
360,SMX1,TERINF,SMX0221,SMX1,4,1
360,SMX1,TERINF,SMX0221,SMX1,5,2
360,SMX1,FLOINF,SMX0221,SMX1,1,4
360,SMX1,FLOINF,SMX0221,SMX1,3,4
360,SMX1,FLOINF,SMX0221,SMX1,4,1
360,SMX1,FLOINF,SMX0221,SMX1,5,2
361,SMX1,TERINF,SMX0222,SMX1,2,3
361,SMX1,TERINF,SMX0222,SMX1,4,5
361,SMX1,TERINF,SMX0222,SMX1,5,3
361,SMX1,CARINF,SMX0222,SMX1,2,3
361,SMX1,CARINF,SMX0222,SMX1,4,5
361,SMX1,CARINF,SMX0222,SMX1,5,3
362,SMX1,CARINF,SMX0223,SMX1,1,2
362,SMX1,CARINF,SMX0223,SMX1,2,2
362,SMX1,CARINF,SMX0223,SMX1,4,6
363,SMX1,FLOINF,SMX0225,SMX1,1,5
363,SMX1,FLOINF,SMX0225,SMX1,3,5
363,SMX1,FLOINF,SMX0225,SMX1,4,2
363,SMX1,FLOINF,SMX0225,SMX1,5,1
363,SMX1,TRIINF,SMX0225,SMX1,1,5
363,SMX1,TRIINF,SMX0225,SMX1,3,5
363,SMX1,TRIINF,SMX0225,SMX1,4,2
363,SMX1,TRIINF,SMX0225,SMX1,5,1
365,SMX1,FLOINF,FP1664,SMX1,4,3
366,SMX1,CAMSOC,FP1708,SMX1,2,4
367,SMX1,CAMSOC,FP1709,SMX1,1,3
367,SMX1,CAMSOC,FP1709,SMX1,3,6
367,SMX1,CAMSOC,FP1709,SMX1,5,4
368,SMX1,TERINF,SMX0228,SMX1,1,6
368,SMX1,TERINF,SMX0228,SMX1,4,4
369,SMX1,TRIINF,SMXOPT1,SMX1,2,5
370,SMX2,TERINF,TUT,SMX2,1,5
371,SMX2,TRIINF,SMX0224,SMX2,2,3
371,SMX2,TRIINF,SMX0224,SMX2,3,4
371,SMX2,TRIINF,SMX0224,SMX2,4,1
371,SMX2,TRIINF,SMX0224,SMX2,5,3
372,SMX2,CARINF,SMX0226,SMX2,1,4
372,SMX2,CARINF,SMX0226,SMX2,2,1
372,SMX2,CARINF,SMX0226,SMX2,4,4
373,SMX2,TERINF,SMX0227,SMX2,2,5
373,SMX2,TERINF,SMX0227,SMX2,3,5
373,SMX2,TERINF,SMX0227,SMX2,4,3
373,SMX2,TERINF,SMX0227,SMX2,5,4
374,SMX2,TRIINF,SMXOPT2,SMX2,2,2
374,SMX2,TRIINF,SMXOPT2,SMX2,4,5
375,SMX2,CAMSOC,FP1710,SMX2,1,2
375,SMX2,CAMSOC,FP1710,SMX2,4,2
376,SMX2,CARINF,FP1713,SMX2,2,4
376,SMX2,TRIINF,FP1713,SMX2,2,4
377,SMX2,TERINF,FP1713,SMX2,3,3
377,SMX2,FLOINF,FP1713,SMX2,3,3
378,SMX2,CARINF,FP1713,SMX2,5,5
378,SMX2,TRIINF,FP1713,SMX2,5,5
379,SMX2,FLOINF,FP1713,SMX2,1,3
379,SMX2,CARINF,FP1713,SMX2,1,3
380,SMX2,FLOINF,FP1713,SMX2,1,6
380,SMX2,CARINF,FP1713,SMX2,1,6
381,SMX2,TERINF,FP1713,SMX2,4,6
381,SMX2,FLOINF,FP1713,SMX2,4,6
382,PCC1,PILEPCC,TUT,PCC1,1,2
383,PCC1,CALPCC,PCC0842,PCC1,2,3
383,PCC1,CALPCC,PCC0842,PCC1,4,2
383,PCC1,CALPCC,PCC0842,PCC1,5,6
383,PCC1,MALEPCC,PCC0842,PCC1,2,3
383,PCC1,MALEPCC,PCC0842,PCC1,4,2
383,PCC1,MALEPCC,PCC0842,PCC1,5,6
384,PCC1,PILEPCC,PCC0842,PCC1,1,3
384,PCC1,PILEPCC,PCC0842,PCC1,3,3
384,PCC1,MALEPCC,PCC0842,PCC1,1,3
384,PCC1,MALEPCC,PCC0842,PCC1,3,3
385,PCC1,CALPCC,PCC0843,PCC1,1,5
385,PCC1,CALPCC,PCC0843,PCC1,2,6
385,PCC1,CALPCC,PCC0843,PCC1,4,3
385,PCC1,CALPCC,PCC0843,PCC1,5,3
386,PCC1,MALEPCC,PCC0846,PCC1,2,2
386,PCC1,MALEPCC,PCC0846,PCC1,4,1
386,PCC1,MORPCC,PCC0846,PCC1,2,2
386,PCC1,MORPCC,PCC0846,PCC1,4,1
387,PCC1,PILEPCC,PCC0636,PCC1,1,6
387,PCC1,PILEPCC,PCC0636,PCC1,2,4
387,PCC1,PILEPCC,PCC0636,PCC1,3,4
387,PCC1,PILEPCC,PCC0636,PCC1,4,5
388,PCC1,GAREXP,PCC0640,PCC1,2,1
388,PCC1,GAREXP,PCC0640,PCC1,5,4
389,PCC1,EXP,PCC0844,PCC1,2,5
389,PCC1,EXP,PCC0844,PCC1,4,4
390,PCC1,CAMSOC,FP1709,PCC1,1,4
390,PCC1,CAMSOC,FP1709,PCC1,3,2
390,PCC1,CAMSOC,FP1709,PCC1,5,5
391,PCC1,CAMSOC,FP1708,PCC1,3,5
392,PCC1,CARINF,FP1664,PCC1,5,2
394,PCC2,MORPCC,TUT,PCC2,3,1
395,PCC2,MORPCC,PCC0845,PCC2,2,3
395,PCC2,MORPCC,PCC0845,PCC2,3,3
395,PCC2,MORPCC,PCC0845,PCC2,4,2
395,PCC2,MORPCC,PCC0845,PCC2,5,2
396,PCC2,MORPCC,PCC0848,PCC2,2,4
396,PCC2,MORPCC,PCC0848,PCC2,5,4
397,PCC2,CAMSOC,PCC0643,PCC2,1,6
397,PCC2,CAMSOC,PCC0643,PCC2,3,4
398,PCC2,CAMSOC,FP1710,PCC2,2,2
398,PCC2,CAMSOC,FP1710,PCC2,4,1
399,PCC2,PILEPCC,FP1713,PCC2,3,2
400,PCC2,CALPCC,FP1713,PCC2,1,3
401,PCC2,CALPCC,FP1713,PCC2,1,4
401,PCC2,CALPCC,FP1713,PCC2,2,5
401,PCC2,PILEPCC,FP1713,PCC2,1,4
401,PCC2,PILEPCC,FP1713,PCC2,2,5
402,PCC2,CALPCC,FP1713,PCC2,4,4
402,PCC2,CALPCC,FP1713,PCC2,5,5
402,PCC2,MALEPCC,FP1713,PCC2,4,4
402,PCC2,MALEPCC,FP1713,PCC2,5,5
403,PCC2,PILEPCC,PCCOPT1,PCC2,1,5
403,PCC2,PILEPCC,PCCOPT1,PCC2,3,5
403,PCC2,PILEPCC,PCCOPT1,PCC2,4,3
404,PCC2,GAREXP,PCC0849,PCC2,3,6
404,PCC2,GAREXP,PCC0849,PCC2,5,3
405,ACO,SOTCAT,ACO,ACO,1,1
405,ACO,SOTCAT,ACO,ACO,2,3
405,ACO,SOTCAT,ACO,ACO,2,5
405,ACO,SOTCAT,ACO,ACO,3,2
405,ACO,SOTCAT,ACO,ACO,3,3
405,ACO,SOTCAT,ACO,ACO,3,4
405,ACO,SOTCAT,ACO,ACO,3,5
405,ACO,SOTCAT,ACO,ACO,4,2
405,ACO,SOTCAT,ACO,ACO,4,4
405,ACO,SOTCAT,ACO,ACO,4,5
405,ACO,SOTCAT,ACO,ACO,4,6
405,ACO,SOTCAT,ACO,ACO,5,1
406,ACO,DONCAT,TUT,ACO,5,6
407,ACO,DONCAT,ACO,ACO,1,2
407,ACO,DONCAT,ACO,ACO,1,3
407,ACO,DONCAT,ACO,ACO,1,4
407,ACO,DONCAT,ACO,ACO,1,6
407,ACO,DONCAT,ACO,ACO,2,1
407,ACO,DONCAT,ACO,ACO,2,2
407,ACO,DONCAT,ACO,ACO,2,6
407,ACO,DONCAT,ACO,ACO,4,1
407,ACO,DONCAT,ACO,ACO,4,3
407,ACO,DONCAT,ACO,ACO,5,3
407,ACO,DONCAT,ACO,ACO,5,4
407,ACO,DONCAT,ACO,ACO,5,5
408,ACO,LAGMAT,ACO,ACO,3,1
409,ACO,MAIMAT,ACO,ACO,2,4
410,ACO,ORVIP,ACO,ACO,1,5
410,ACO,ORVIP,ACO,ACO,3,6
411,ACO,ORVIP,ACO,ACO,5,2
412,SIEI,DOMDIV,SIEI,SIEI,1,5
412,SIEI,DOMDIV,SIEI,SIEI,1,6
412,SIEI,DOMDIV,SIEI,SIEI,2,2
412,SIEI,DOMDIV,SIEI,SIEI,2,3
412,SIEI,DOMDIV,SIEI,SIEI,2,4
412,SIEI,DOMDIV,SIEI,SIEI,2,5
412,SIEI,DOMDIV,SIEI,SIEI,2,6
412,SIEI,DOMDIV,SIEI,SIEI,3,3
412,SIEI,DOMDIV,SIEI,SIEI,3,4
412,SIEI,DOMDIV,SIEI,SIEI,3,5
412,SIEI,DOMDIV,SIEI,SIEI,4,1
412,SIEI,DOMDIV,SIEI,SIEI,4,2
412,SIEI,DOMDIV,SIEI,SIEI,5,2
412,SIEI,DOMDIV,SIEI,SIEI,5,3
413,SIEI,EXPDIV,SIEI,SIEI,1,1
413,SIEI,EXPDIV,SIEI,SIEI,1,2
413,SIEI,EXPDIV,SIEI,SIEI,1,3
413,SIEI,EXPDIV,SIEI,SIEI,1,4
413,SIEI,EXPDIV,SIEI,SIEI,2,1
413,SIEI,EXPDIV,SIEI,SIEI,3,1
413,SIEI,EXPDIV,SIEI,SIEI,3,2
413,SIEI,EXPDIV,SIEI,SIEI,3,6
413,SIEI,EXPDIV,SIEI,SIEI,4,5
413,SIEI,EXPDIV,SIEI,SIEI,4,6
413,SIEI,EXPDIV,SIEI,SIEI,5,1
413,SIEI,EXPDIV,SIEI,SIEI,5,6
414,SIEI,DIV,SIEI,SIEI,4,3
414,SIEI,DIV,SIEI,SIEI,4,4
414,SIEI,DIV,SIEI,SIEI,5,4
414,SIEI,DIV,SIEI,SIEI,5,5
415,02-PFI,PFI,TUT,02-PFI,5,1
416,02-PFI,PFI,02-PFIORI,02-PFI,1,5
416,02-PFI,PFI,02-PFIORI,02-PFI,1,6
416,02-PFI,PFI,02-PFIORI,02-PFI,2,1
416,02-PFI,PFI,02-PFIORI,02-PFI,2,2
416,02-PFI,PFI,02-PFIORI,02-PFI,2,3
416,02-PFI,PFI,02-PFIORI,02-PFI,3,1
416,02-PFI,PFI,02-PFIORI,02-PFI,3,2
416,02-PFI,PFI,02-PFIORI,02-PFI,3,3
416,02-PFI,PFI,02-PFIORI,02-PFI,4,3
416,02-PFI,PFI,02-PFIORI,02-PFI,4,5
416,02-PFI,PFI,02-PFIORI,02-PFI,4,6
416,02-PFI,PFI,02-PFIORI,02-PFI,5,2
416,02-PFI,PFI,02-PFIORI,02-PFI,5,3
417,02-PFI,ROMCOM,02-PFI6662,02-PFI,1,1
417,02-PFI,ROMCOM,02-PFI6662,02-PFI,1,2
417,02-PFI,ROMCOM,02-PFI6662,02-PFI,1,3
417,02-PFI,ROMCOM,02-PFI6662,02-PFI,1,4
417,02-PFI,ROMCOM,02-PFI6662,02-PFI,2,4
417,02-PFI,ROMCOM,02-PFI6662,02-PFI,2,5
417,02-PFI,ROMCOM,02-PFI6662,02-PFI,2,6
417,02-PFI,ROMCOM,02-PFI6662,02-PFI,3,4
417,02-PFI,ROMCOM,02-PFI6662,02-PFI,3,5
417,02-PFI,ROMCOM,02-PFI6662,02-PFI,3,6
417,02-PFI,ROMCOM,02-PFI6662,02-PFI,4,1
417,02-PFI,ROMCOM,02-PFI6662,02-PFI,4,2
417,02-PFI,ROMCOM,02-PFI6662,02-PFI,4,4
417,02-PFI,ROMCOM,02-PFI6662,02-PFI,5,4
417,02-PFI,ROMCOM,02-PFI6662,02-PFI,5,5
417,02-PFI,ROMCOM,02-PFI6662,02-PFI,5,6
441,1BATA,BOIMAT,MAT,,2,2
441,1BATA,BOIMAT,MAT,,3,4
441,1BATA,BOIMAT,MAT,,4,2
441,1BATA,BOIMAT,MAT,,5,1
441,1BATB,BOIMAT,MAT,,2,2
441,1BATB,BOIMAT,MAT,,3,4
441,1BATB,BOIMAT,MAT,,4,2
441,1BATB,BOIMAT,MAT,,5,1
441,1BATC,BOIMAT,MAT,,2,2
441,1BATC,BOIMAT,MAT,,3,4
441,1BATC,BOIMAT,MAT,,4,2
441,1BATC,BOIMAT,MAT,,5,1
441,1BATA,MAIMAT,MAT,,2,2
441,1BATA,MAIMAT,MAT,,3,4
441,1BATA,MAIMAT,MAT,,4,2
441,1BATA,MAIMAT,MAT,,5,1
441,1BATB,MAIMAT,MAT,,2,2
441,1BATB,MAIMAT,MAT,,3,4
441,1BATB,MAIMAT,MAT,,4,2
441,1BATB,MAIMAT,MAT,,5,1
441,1BATC,MAIMAT,MAT,,2,2
441,1BATC,MAIMAT,MAT,,3,4
441,1BATC,MAIMAT,MAT,,4,2
441,1BATC,MAIMAT,MAT,,5,1
441,1BATA,MUÑSOC,ECO,,2,2
441,1BATA,MUÑSOC,ECO,,3,4
441,1BATA,MUÑSOC,ECO,,4,2
441,1BATA,MUÑSOC,ECO,,5,1
441,1BATB,MUÑSOC,ECO,,2,2
441,1BATB,MUÑSOC,ECO,,3,4
441,1BATB,MUÑSOC,ECO,,4,2
441,1BATB,MUÑSOC,ECO,,5,1
441,1BATC,MUÑSOC,ECO,,2,2
441,1BATC,MUÑSOC,ECO,,3,4
441,1BATC,MUÑSOC,ECO,,4,2
441,1BATC,MUÑSOC,ECO,,5,1
441,1BATA,DELCAS,GRE,,2,2
441,1BATA,DELCAS,GRE,,3,4
441,1BATA,DELCAS,GRE,,4,2
441,1BATA,DELCAS,GRE,,5,1
441,1BATB,DELCAS,GRE,,2,2
441,1BATB,DELCAS,GRE,,3,4
441,1BATB,DELCAS,GRE,,4,2
441,1BATB,DELCAS,GRE,,5,1
441,1BATC,DELCAS,GRE,,2,2
441,1BATC,DELCAS,GRE,,3,4
441,1BATC,DELCAS,GRE,,4,2
441,1BATC,DELCAS,GRE,,5,1
442,1BATA,DELCAS,LLA,,1,4
442,1BATA,DELCAS,LLA,,3,2
442,1BATA,DELCAS,LLA,,4,6
442,1BATA,DELCAS,LLA,,5,2
442,1BATB,DELCAS,LLA,,1,4
442,1BATB,DELCAS,LLA,,3,2
442,1BATB,DELCAS,LLA,,4,6
442,1BATB,DELCAS,LLA,,5,2
442,1BATC,DELCAS,LLA,,1,4
442,1BATC,DELCAS,LLA,,3,2
442,1BATC,DELCAS,LLA,,4,6
442,1BATC,DELCAS,LLA,,5,2
442,1BATA,GAREXP,BIOGEO,,1,4
442,1BATA,GAREXP,BIOGEO,,3,2
442,1BATA,GAREXP,BIOGEO,,4,6
442,1BATA,GAREXP,BIOGEO,,5,2
442,1BATB,GAREXP,BIOGEO,,1,4
442,1BATB,GAREXP,BIOGEO,,3,2
442,1BATB,GAREXP,BIOGEO,,4,6
442,1BATB,GAREXP,BIOGEO,,5,2
442,1BATC,GAREXP,BIOGEO,,1,4
442,1BATC,GAREXP,BIOGEO,,3,2
442,1BATC,GAREXP,BIOGEO,,4,6
442,1BATC,GAREXP,BIOGEO,,5,2
442,1BATA,BOIMAT,MATCS,,1,4
442,1BATA,BOIMAT,MATCS,,3,2
442,1BATA,BOIMAT,MATCS,,4,6
442,1BATA,BOIMAT,MATCS,,5,2
442,1BATB,BOIMAT,MATCS,,1,4
442,1BATB,BOIMAT,MATCS,,3,2
442,1BATB,BOIMAT,MATCS,,4,6
442,1BATB,BOIMAT,MATCS,,5,2
442,1BATC,BOIMAT,MATCS,,1,4
442,1BATC,BOIMAT,MATCS,,3,2
442,1BATC,BOIMAT,MATCS,,4,6
442,1BATC,BOIMAT,MATCS,,5,2
442,1BATA,TEC,TECENG,,1,4
442,1BATA,TEC,TECENG,,3,2
442,1BATA,TEC,TECENG,,4,6
442,1BATA,TEC,TECENG,,5,2
442,1BATB,TEC,TECENG,,1,4
442,1BATB,TEC,TECENG,,3,2
442,1BATB,TEC,TECENG,,4,6
442,1BATB,TEC,TECENG,,5,2
442,1BATC,TEC,TECENG,,1,4
442,1BATC,TEC,TECENG,,3,2
442,1BATC,TEC,TECENG,,4,6
442,1BATC,TEC,TECENG,,5,2
443,1BATA,OSÉVIP,DIB,,1,3
443,1BATA,OSÉVIP,DIB,,2,4
443,1BATA,OSÉVIP,DIB,,3,3
443,1BATA,OSÉVIP,DIB,,5,3
443,1BATB,OSÉVIP,DIB,,1,3
443,1BATB,OSÉVIP,DIB,,2,4
443,1BATB,OSÉVIP,DIB,,3,3
443,1BATB,OSÉVIP,DIB,,5,3
443,1BATC,OSÉVIP,DIB,,1,3
443,1BATC,OSÉVIP,DIB,,2,4
443,1BATC,OSÉVIP,DIB,,3,3
443,1BATC,OSÉVIP,DIB,,5,3
443,1BATA,PARSOC,HMON,,1,3
443,1BATA,PARSOC,HMON,,2,4
443,1BATA,PARSOC,HMON,,3,3
443,1BATA,PARSOC,HMON,,5,3
443,1BATB,PARSOC,HMON,,1,3
443,1BATB,PARSOC,HMON,,2,4
443,1BATB,PARSOC,HMON,,3,3
443,1BATB,PARSOC,HMON,,5,3
443,1BATC,PARSOC,HMON,,1,3
443,1BATC,PARSOC,HMON,,2,4
443,1BATC,PARSOC,HMON,,3,3
443,1BATC,PARSOC,HMON,,5,3
443,1BATA,MASCAT,LITUN,,1,3
443,1BATA,MASCAT,LITUN,,2,4
443,1BATA,MASCAT,LITUN,,3,3
443,1BATA,MASCAT,LITUN,,5,3
443,1BATB,MASCAT,LITUN,,1,3
443,1BATB,MASCAT,LITUN,,2,4
443,1BATB,MASCAT,LITUN,,3,3
443,1BATB,MASCAT,LITUN,,5,3
443,1BATC,MASCAT,LITUN,,1,3
443,1BATC,MASCAT,LITUN,,2,4
443,1BATC,MASCAT,LITUN,,3,3
443,1BATC,MASCAT,LITUN,,5,3
443,1BATA,CODEXP,FIQ,,1,3
443,1BATA,CODEXP,FIQ,,2,4
443,1BATA,CODEXP,FIQ,,3,3
443,1BATA,CODEXP,FIQ,,5,3
443,1BATB,CODEXP,FIQ,,1,3
443,1BATB,CODEXP,FIQ,,2,4
443,1BATB,CODEXP,FIQ,,3,3
443,1BATB,CODEXP,FIQ,,5,3
443,1BATC,CODEXP,FIQ,,1,3
443,1BATC,CODEXP,FIQ,,2,4
443,1BATC,CODEXP,FIQ,,3,3
443,1BATC,CODEXP,FIQ,,5,3
444,1BATA,MUÑSOC,FUEMP,,1,2
444,1BATA,MUÑSOC,FUEMP,,3,1
444,1BATA,MUÑSOC,FUEMP,,4,1
444,1BATA,MUÑSOC,FUEMP,,5,4
444,1BATB,MUÑSOC,FUEMP,,1,2
444,1BATB,MUÑSOC,FUEMP,,3,1
444,1BATB,MUÑSOC,FUEMP,,4,1
444,1BATB,MUÑSOC,FUEMP,,5,4
444,1BATC,MUÑSOC,FUEMP,,1,2
444,1BATC,MUÑSOC,FUEMP,,3,1
444,1BATC,MUÑSOC,FUEMP,,4,1
444,1BATC,MUÑSOC,FUEMP,,5,4
444,1BATA,TOR2SOC,PSI,,1,2
444,1BATA,TOR2SOC,PSI,,3,1
444,1BATA,TOR2SOC,PSI,,4,1
444,1BATA,TOR2SOC,PSI,,5,4
444,1BATB,TOR2SOC,PSI,,1,2
444,1BATB,TOR2SOC,PSI,,3,1
444,1BATB,TOR2SOC,PSI,,4,1
444,1BATB,TOR2SOC,PSI,,5,4
444,1BATC,TOR2SOC,PSI,,1,2
444,1BATC,TOR2SOC,PSI,,3,1
444,1BATC,TOR2SOC,PSI,,4,1
444,1BATC,TOR2SOC,PSI,,5,4
444,1BATA,ANG,FRA,,1,2
444,1BATA,ANG,FRA,,3,1
444,1BATA,ANG,FRA,,4,1
444,1BATA,ANG,FRA,,5,4
444,1BATB,ANG,FRA,,1,2
444,1BATB,ANG,FRA,,3,1
444,1BATB,ANG,FRA,,4,1
444,1BATB,ANG,FRA,,5,4
444,1BATC,ANG,FRA,,1,2
444,1BATC,ANG,FRA,,3,1
444,1BATC,ANG,FRA,,4,1
444,1BATC,ANG,FRA,,5,4
444,1BATA,CODEXP,FIS,,1,2
444,1BATA,CODEXP,FIS,,3,1
444,1BATA,CODEXP,FIS,,4,1
444,1BATA,CODEXP,FIS,,5,4
444,1BATB,CODEXP,FIS,,1,2
444,1BATB,CODEXP,FIS,,3,1
444,1BATB,CODEXP,FIS,,4,1
444,1BATB,CODEXP,FIS,,5,4
444,1BATC,CODEXP,FIS,,1,2
444,1BATC,CODEXP,FIS,,3,1
444,1BATC,CODEXP,FIS,,4,1
444,1BATC,CODEXP,FIS,,5,4
444,1BATA,BEJEXP,GEO,,1,2
444,1BATA,BEJEXP,GEO,,3,1
444,1BATA,BEJEXP,GEO,,4,1
444,1BATA,BEJEXP,GEO,,5,4
444,1BATB,BEJEXP,GEO,,1,2
444,1BATB,BEJEXP,GEO,,3,1
444,1BATB,BEJEXP,GEO,,4,1
444,1BATB,BEJEXP,GEO,,5,4
444,1BATC,BEJEXP,GEO,,1,2
444,1BATC,BEJEXP,GEO,,3,1
444,1BATC,BEJEXP,GEO,,4,1
444,1BATC,BEJEXP,GEO,,5,4
445,1BATA,ROMCAT,COM,,2,3
445,1BATA,ROMCAT,COM,,4,3
445,1BATB,ROMCAT,COM,,2,3
445,1BATB,ROMCAT,COM,,4,3
445,1BATC,ROMCAT,COM,,2,3
445,1BATC,ROMCAT,COM,,4,3
445,1BATA,IZQEXP,CIEAC,,2,3
445,1BATA,IZQEXP,CIEAC,,4,3
445,1BATB,IZQEXP,CIEAC,,2,3
445,1BATB,IZQEXP,CIEAC,,4,3
445,1BATC,IZQEXP,CIEAC,,2,3
445,1BATC,IZQEXP,CIEAC,,4,3
445,1BATA,MAIMAT,MATAP,,2,3
445,1BATA,MAIMAT,MATAP,,4,3
445,1BATB,MAIMAT,MATAP,,2,3
445,1BATB,MAIMAT,MATAP,,4,3
445,1BATC,MAIMAT,MATAP,,2,3
445,1BATC,MAIMAT,MATAP,,4,3
445,1BATA,PARSOC,PRO,,2,3
445,1BATA,PARSOC,PRO,,4,3
445,1BATB,PARSOC,PRO,,2,3
445,1BATB,PARSOC,PRO,,4,3
445,1BATC,PARSOC,PRO,,2,3
445,1BATC,PARSOC,PRO,,4,3
445,1BATA,PASSOC,FOL,,2,3
445,1BATA,PASSOC,FOL,,4,3
445,1BATB,PASSOC,FOL,,2,3
445,1BATB,PASSOC,FOL,,4,3
445,1BATC,PASSOC,FOL,,2,3
445,1BATC,PASSOC,FOL,,4,3
445,1BATA,MILINF,ROB,,2,3
445,1BATA,MILINF,ROB,,4,3
445,1BATB,MILINF,ROB,,2,3
445,1BATB,MILINF,ROB,,4,3
445,1BATC,MILINF,ROB,,2,3
445,1BATC,MILINF,ROB,,4,3
446,1A,GÓMORI,CiVE,1A,3,5
446,1A,ALBSOC,REL,1A,3,5
447,1A,CABTEC,TEC,1A,1,5
447,1A,CABTEC,TEC,1A,4,2
447,1A,BEJEXP,BIO,1A,1,5
447,1A,BEJEXP,BIO,1A,4,2
448,1B,CABTEC,TEC,1B,1,3
448,1B,CABTEC,TEC,1B,3,2
448,1B,BEJEXP,BIO,1B,1,3
448,1B,BEJEXP,BIO,1B,3,2
449,1C,CABTEC,TEC,1C,4,6
449,1C,CABTEC,TEC,1C,5,4
449,1C,JOVEXP,BIO,1C,4,6
449,1C,JOVEXP,BIO,1C,5,4
450,1D,CABTEC,TEC,1D,1,2
450,1D,CABTEC,TEC,1D,3,1
450,1D,JOVEXP,BIO,1D,1,2
450,1D,JOVEXP,BIO,1D,3,1
451,1E,CABTEC,TEC,1E,2,2
451,1E,CABTEC,TEC,1E,5,1
451,1E,JOVEXP,BIO,1E,2,2
451,1E,JOVEXP,BIO,1E,5,1
452,2BATA,MASCAT,CAT,2BATA,2,1
452,2BATA,MASCAT,CAT,2BATA,3,4
452,2BATA,CAS,CAS,2BATA,2,1
452,2BATA,CAS,CAS,2BATA,3,4
453,2BATB,MASCAT,CAT,2BATB,2,2
453,2BATB,MASCAT,CAT,2BATB,5,2
453,2BATB,CAS,CAS,2BATB,2,2
453,2BATB,CAS,CAS,2BATB,5,2
454,2BATA,BOIMAT,MAT,,1,5
454,2BATA,BOIMAT,MAT,,3,1
454,2BATA,BOIMAT,MAT,,4,4
454,2BATA,BOIMAT,MAT,,5,4
454,2BATB,BOIMAT,MAT,,1,5
454,2BATB,BOIMAT,MAT,,3,1
454,2BATB,BOIMAT,MAT,,4,4
454,2BATB,BOIMAT,MAT,,5,4
454,2BATA,CAS,LITCAS,,1,5
454,2BATA,CAS,LITCAS,,3,1
454,2BATA,CAS,LITCAS,,4,4
454,2BATA,CAS,LITCAS,,5,4
454,2BATB,CAS,LITCAS,,1,5
454,2BATB,CAS,LITCAS,,3,1
454,2BATB,CAS,LITCAS,,4,4
454,2BATB,CAS,LITCAS,,5,4
454,2BATA,PARSOC,GEO,,1,5
454,2BATA,PARSOC,GEO,,3,1
454,2BATA,PARSOC,GEO,,4,4
454,2BATA,PARSOC,GEO,,5,4
454,2BATB,PARSOC,GEO,,1,5
454,2BATB,PARSOC,GEO,,3,1
454,2BATB,PARSOC,GEO,,4,4
454,2BATB,PARSOC,GEO,,5,4
455,2BATA,BOIMAT,MATCS,,1,6
455,2BATA,BOIMAT,MATCS,,2,3
455,2BATA,BOIMAT,MATCS,,4,3
455,2BATA,BOIMAT,MATCS,,5,5
455,2BATB,BOIMAT,MATCS,,1,6
455,2BATB,BOIMAT,MATCS,,2,3
455,2BATB,BOIMAT,MATCS,,4,3
455,2BATB,BOIMAT,MATCS,,5,5
455,2BATA,BEJEXP,GEO,,1,6
455,2BATA,BEJEXP,GEO,,2,3
455,2BATA,BEJEXP,GEO,,4,3
455,2BATA,BEJEXP,GEO,,5,5
455,2BATB,BEJEXP,GEO,,1,6
455,2BATB,BEJEXP,GEO,,2,3
455,2BATB,BEJEXP,GEO,,4,3
455,2BATB,BEJEXP,GEO,,5,5
455,2BATA,CODEXP,FIS,,1,6
455,2BATA,CODEXP,FIS,,2,3
455,2BATA,CODEXP,FIS,,4,3
455,2BATA,CODEXP,FIS,,5,5
455,2BATB,CODEXP,FIS,,1,6
455,2BATB,CODEXP,FIS,,2,3
455,2BATB,CODEXP,FIS,,4,3
455,2BATB,CODEXP,FIS,,5,5
455,2BATA,DELCAS,LLA,,1,6
455,2BATA,DELCAS,LLA,,2,3
455,2BATA,DELCAS,LLA,,4,3
455,2BATA,DELCAS,LLA,,5,5
455,2BATB,DELCAS,LLA,,1,6
455,2BATB,DELCAS,LLA,,2,3
455,2BATB,DELCAS,LLA,,4,3
455,2BATB,DELCAS,LLA,,5,5
456,2BATA,MASCAT,LITCAT,,1,4
456,2BATA,MASCAT,LITCAT,,3,5
456,2BATA,MASCAT,LITCAT,,4,2
456,2BATB,MASCAT,LITCAT,,1,4
456,2BATB,MASCAT,LITCAT,,3,5
456,2BATB,MASCAT,LITCAT,,4,2
456,2BATA,CODEXP,QUI,,1,4
456,2BATA,CODEXP,QUI,,3,5
456,2BATA,CODEXP,QUI,,4,2
456,2BATB,CODEXP,QUI,,1,4
456,2BATB,CODEXP,QUI,,3,5
456,2BATB,CODEXP,QUI,,4,2
456,2BATA,VIP,DIB,,1,4
456,2BATA,VIP,DIB,,3,5
456,2BATA,VIP,DIB,,4,2
456,2BATB,VIP,DIB,,1,4
456,2BATB,VIP,DIB,,3,5
456,2BATB,VIP,DIB,,4,2
456,2BATA,QUÍSOC,HART,,1,4
456,2BATA,QUÍSOC,HART,,3,5
456,2BATA,QUÍSOC,HART,,4,2
456,2BATB,QUÍSOC,HART,,1,4
456,2BATB,QUÍSOC,HART,,3,5
456,2BATB,QUÍSOC,HART,,4,2
456,2BATA,ANG,FRA,,1,4
456,2BATA,ANG,FRA,,3,5
456,2BATA,ANG,FRA,,4,2
456,2BATB,ANG,FRA,,1,4
456,2BATB,ANG,FRA,,3,5
456,2BATB,ANG,FRA,,4,2
457,2BATA,MUÑSOC,FUEMP,,1,3
457,2BATA,MUÑSOC,FUEMP,,2,5
457,2BATA,MUÑSOC,FUEMP,,3,6
457,2BATA,MUÑSOC,FUEMP,,4,5
457,2BATB,MUÑSOC,FUEMP,,1,3
457,2BATB,MUÑSOC,FUEMP,,2,5
457,2BATB,MUÑSOC,FUEMP,,3,6
457,2BATB,MUÑSOC,FUEMP,,4,5
457,2BATA,DELCAS,GRE,,1,3
457,2BATA,DELCAS,GRE,,2,5
457,2BATA,DELCAS,GRE,,3,6
457,2BATA,DELCAS,GRE,,4,5
457,2BATB,DELCAS,GRE,,1,3
457,2BATB,DELCAS,GRE,,2,5
457,2BATB,DELCAS,GRE,,3,6
457,2BATB,DELCAS,GRE,,4,5
457,2BATA,IZQEXP,BIO,,1,3
457,2BATA,IZQEXP,BIO,,2,5
457,2BATA,IZQEXP,BIO,,3,6
457,2BATA,IZQEXP,BIO,,4,5
457,2BATB,IZQEXP,BIO,,1,3
457,2BATB,IZQEXP,BIO,,2,5
457,2BATB,IZQEXP,BIO,,3,6
457,2BATB,IZQEXP,BIO,,4,5
457,2BATA,TEC,TECIND,,1,3
457,2BATA,TEC,TECIND,,2,5
457,2BATA,TEC,TECIND,,3,6
457,2BATA,TEC,TECIND,,4,5
457,2BATB,TEC,TECIND,,1,3
457,2BATB,TEC,TECIND,,2,5
457,2BATB,TEC,TECIND,,3,6
457,2BATB,TEC,TECIND,,4,5
458,2A,RUIORI,CiVE,2A,2,4
458,2A,ALBSOC,REL,2A,2,4
459,2A,MUÑTEC,TEC,2A,1,4
459,2A,MUÑTEC,TEC,2A,2,3
459,2A,EXP,FIQ,2A,1,4
459,2A,EXP,FIQ,2A,2,3
460,2B,EXP,FIQ,2B,3,3
460,2B,SANTEC,TEC,2B,3,3
461,2B,TEC,TEC,2B,1,6
461,2B,EXP,FIQ,2B,1,6
462,2C,MUÑTEC,TEC,2C,2,6
462,2C,MUÑTEC,TEC,2C,5,4
462,2C,EXP,FIQ,2C,2,6
462,2C,EXP,FIQ,2C,5,4
463,2D,MUÑTEC,TEC,2D,1,2
463,2D,MUÑTEC,TEC,2D,2,2
463,2D,SALEXP,FIQ,2D,1,2
463,2D,SALEXP,FIQ,2D,2,2
464,2E,MUÑTEC,TEC,2E,3,4
464,2E,MUÑTEC,TEC,2E,4,4
464,2E,SALEXP,FIQ,2E,3,4
464,2E,SALEXP,FIQ,2E,4,4
465,2A,ANG,FRA,,1,1
465,2B,ANG,FRA,,1,1
465,2C,ANG,FRA,,1,1
465,2D,ANG,FRA,,1,1
465,2E,ANG,FRA,,1,1
465,2A,ROMCAT,FRA,,1,1
465,2B,ROMCAT,FRA,,1,1
465,2C,ROMCAT,FRA,,1,1
465,2D,ROMCAT,FRA,,1,1
465,2E,ROMCAT,FRA,,1,1
465,2A,CABTEC,DIG,,1,1
465,2B,CABTEC,DIG,,1,1
465,2C,CABTEC,DIG,,1,1
465,2D,CABTEC,DIG,,1,1
465,2E,CABTEC,DIG,,1,1
465,2A,MILINF,DIG,,1,1
465,2B,MILINF,DIG,,1,1
465,2C,MILINF,DIG,,1,1
465,2D,MILINF,DIG,,1,1
465,2E,MILINF,DIG,,1,1
465,2A,LÓPINF,DIG,,1,1
465,2B,LÓPINF,DIG,,1,1
465,2C,LÓPINF,DIG,,1,1
465,2D,LÓPINF,DIG,,1,1
465,2E,LÓPINF,DIG,,1,1
466,3A,SOJORI,CiVE,3A,3,2
466,3A,ALBSOC,REL,3A,3,2
467,3A,SANTEC,TEC,3A,5,4
467,3A,SOJORI,CAS,3A,5,4
468,3A,SANTEC,TEC,3A,1,5
468,3A,GONCAS,CAS,3A,1,5
469,3A,JOVEXP,BIO,3A,1,1
469,3A,JOVEXP,BIO,3A,2,3
469,3A,SALEXP,FIQ,3A,1,1
469,3A,SALEXP,FIQ,3A,2,3
470,3B,GAREXP,BIO,3B,1,5
470,3B,GAREXP,BIO,3B,4,5
470,3B,SALEXP,FIQ,3B,1,5
470,3B,SALEXP,FIQ,3B,4,5
471,3B,SANTEC,TEC,3B,1,2
471,3B,SOJORI,CAS,3B,1,2
472,3B,SANTEC,TEC,3B,4,4
472,3B,GONCAS,CAS,3B,4,4
473,3C,GAREXP,BIO,3C,3,5
473,3C,GAREXP,BIO,3C,5,6
473,3C,BAREXP,FIQ,3C,3,5
473,3C,BAREXP,FIQ,3C,5,6
474,3C,SANTEC,TEC,3C,4,3
474,3C,SOJORI,CAS,3C,4,3
475,3C,SANTEC,TEC,3C,3,2
475,3C,GONCAS,CAS,3C,3,2
476,3D,IZQEXP,BIO,3D,1,2
476,3D,IZQEXP,BIO,3D,4,1
476,3D,BAREXP,FIQ,3D,1,2
476,3D,BAREXP,FIQ,3D,4,1
477,3D,SANTEC,TEC,3D,1,6
477,3D,SOJORI,CAS,3D,1,6
478,3D,SANTEC,TEC,3D,5,2
478,3D,GONCAS,CAS,3D,5,2
479,3E,IZQEXP,BIO,3E,3,3
479,3E,IZQEXP,BIO,3E,4,2
479,3E,BAREXP,FIQ,3E,3,3
479,3E,BAREXP,FIQ,3E,4,2
480,3E,SANTEC,TEC,3E,3,4
480,3E,SOJORI,CAS,3E,3,4
481,3E,SANTEC,TEC,3E,4,1
481,3E,GONCAS,CAS,3E,4,1
482,3A,MILINF,EMP,,2,4
482,3A,MILINF,EMP,,5,3
482,3B,MILINF,EMP,,2,4
482,3B,MILINF,EMP,,5,3
482,3C,MILINF,EMP,,2,4
482,3C,MILINF,EMP,,5,3
482,3D,MILINF,EMP,,2,4
482,3D,MILINF,EMP,,5,3
482,3E,MILINF,EMP,,2,4
482,3E,MILINF,EMP,,5,3
482,3A,MARVIP,ART,,2,4
482,3A,MARVIP,ART,,5,3
482,3B,MARVIP,ART,,2,4
482,3B,MARVIP,ART,,5,3
482,3C,MARVIP,ART,,2,4
482,3C,MARVIP,ART,,5,3
482,3D,MARVIP,ART,,2,4
482,3D,MARVIP,ART,,5,3
482,3E,MARVIP,ART,,2,4
482,3E,MARVIP,ART,,5,3
482,3A,VIP,ART,,2,4
482,3A,VIP,ART,,5,3
482,3B,VIP,ART,,2,4
482,3B,VIP,ART,,5,3
482,3C,VIP,ART,,2,4
482,3C,VIP,ART,,5,3
482,3D,VIP,ART,,2,4
482,3D,VIP,ART,,5,3
482,3E,VIP,ART,,2,4
482,3E,VIP,ART,,5,3
482,3A,JOVEXP,CIE,,2,4
482,3A,JOVEXP,CIE,,5,3
482,3B,JOVEXP,CIE,,2,4
482,3B,JOVEXP,CIE,,5,3
482,3C,JOVEXP,CIE,,2,4
482,3C,JOVEXP,CIE,,5,3
482,3D,JOVEXP,CIE,,2,4
482,3D,JOVEXP,CIE,,5,3
482,3E,JOVEXP,CIE,,2,4
482,3E,JOVEXP,CIE,,5,3
482,3A,SOTCAT,FRA,,2,4
482,3A,SOTCAT,FRA,,5,3
482,3B,SOTCAT,FRA,,2,4
482,3B,SOTCAT,FRA,,5,3
482,3C,SOTCAT,FRA,,2,4
482,3C,SOTCAT,FRA,,5,3
482,3D,SOTCAT,FRA,,2,4
482,3D,SOTCAT,FRA,,5,3
482,3E,SOTCAT,FRA,,2,4
482,3E,SOTCAT,FRA,,5,3
482,3A,LÓPINF,ROB,,2,4
482,3A,LÓPINF,ROB,,5,3
482,3B,LÓPINF,ROB,,2,4
482,3B,LÓPINF,ROB,,5,3
482,3C,LÓPINF,ROB,,2,4
482,3C,LÓPINF,ROB,,5,3
482,3D,LÓPINF,ROB,,2,4
482,3D,LÓPINF,ROB,,5,3
482,3E,LÓPINF,ROB,,2,4
482,3E,LÓPINF,ROB,,5,3
482,3A,TEC,ROB,,2,4
482,3A,TEC,ROB,,5,3
482,3B,TEC,ROB,,2,4
482,3B,TEC,ROB,,5,3
482,3C,TEC,ROB,,2,4
482,3C,TEC,ROB,,5,3
482,3D,TEC,ROB,,2,4
482,3D,TEC,ROB,,5,3
482,3E,TEC,ROB,,2,4
482,3E,TEC,ROB,,5,3
483,4A,ROVORI,CiVE,4A,4,5
483,4A,ALBSOC,REL,4A,4,5
484,4A,BORMAT,MAT,,1,5
484,4A,BORMAT,MAT,,2,6
484,4A,BORMAT,MAT,,3,4
484,4A,BORMAT,MAT,,4,6
484,4E,BORMAT,MAT,,1,5
484,4E,BORMAT,MAT,,2,6
484,4E,BORMAT,MAT,,3,4
484,4E,BORMAT,MAT,,4,6
484,4A,MAT,MAT,,1,5
484,4A,MAT,MAT,,2,6
484,4A,MAT,MAT,,3,4
484,4A,MAT,MAT,,4,6
484,4E,MAT,MAT,,1,5
484,4E,MAT,MAT,,2,6
484,4E,MAT,MAT,,3,4
484,4E,MAT,MAT,,4,6
484,4A,MARMAT,MAT,,1,5
484,4A,MARMAT,MAT,,2,6
484,4A,MARMAT,MAT,,3,4
484,4A,MARMAT,MAT,,4,6
484,4E,MARMAT,MAT,,1,5
484,4E,MARMAT,MAT,,2,6
484,4E,MARMAT,MAT,,3,4
484,4E,MARMAT,MAT,,4,6
485,4B,BORMAT,MAT,4B,3,1
485,4B,BORMAT,MAT,4B,4,2
485,4B,MARMAT,MAT,4B,3,1
485,4B,MARMAT,MAT,4B,4,2
486,4C,BORMAT,MAT,4C,2,5
486,4C,BORMAT,MAT,4C,3,6
486,4C,MARMAT,MAT,4C,2,5
486,4C,MARMAT,MAT,4C,3,6
487,4D,BORMAT,MAT,4D,1,6
487,4D,BORMAT,MAT,4D,3,2
487,4D,MARMAT,MAT,4D,1,6
487,4D,MARMAT,MAT,4D,3,2
488,4A,ANGCAS,LLA,,2,4
488,4A,ANGCAS,LLA,,3,5
488,4A,ANGCAS,LLA,,5,2
488,4B,ANGCAS,LLA,,2,4
488,4B,ANGCAS,LLA,,3,5
488,4B,ANGCAS,LLA,,5,2
488,4C,ANGCAS,LLA,,2,4
488,4C,ANGCAS,LLA,,3,5
488,4C,ANGCAS,LLA,,5,2
488,4D,ANGCAS,LLA,,2,4
488,4D,ANGCAS,LLA,,3,5
488,4D,ANGCAS,LLA,,5,2
488,4E,ANGCAS,LLA,,2,4
488,4E,ANGCAS,LLA,,3,5
488,4E,ANGCAS,LLA,,5,2
488,4A,EXP,FIQ,,2,4
488,4A,EXP,FIQ,,3,5
488,4A,EXP,FIQ,,5,2
488,4B,EXP,FIQ,,2,4
488,4B,EXP,FIQ,,3,5
488,4B,EXP,FIQ,,5,2
488,4C,EXP,FIQ,,2,4
488,4C,EXP,FIQ,,3,5
488,4C,EXP,FIQ,,5,2
488,4D,EXP,FIQ,,2,4
488,4D,EXP,FIQ,,3,5
488,4D,EXP,FIQ,,5,2
488,4E,EXP,FIQ,,2,4
488,4E,EXP,FIQ,,3,5
488,4E,EXP,FIQ,,5,2
488,4A,SALEXP,FIQ,,2,4
488,4A,SALEXP,FIQ,,3,5
488,4A,SALEXP,FIQ,,5,2
488,4B,SALEXP,FIQ,,2,4
488,4B,SALEXP,FIQ,,3,5
488,4B,SALEXP,FIQ,,5,2
488,4C,SALEXP,FIQ,,2,4
488,4C,SALEXP,FIQ,,3,5
488,4C,SALEXP,FIQ,,5,2
488,4D,SALEXP,FIQ,,2,4
488,4D,SALEXP,FIQ,,3,5
488,4D,SALEXP,FIQ,,5,2
488,4E,SALEXP,FIQ,,2,4
488,4E,SALEXP,FIQ,,3,5
488,4E,SALEXP,FIQ,,5,2
488,4A,MUÑSOC,ECO,,2,4
488,4A,MUÑSOC,ECO,,3,5
488,4A,MUÑSOC,ECO,,5,2
488,4B,MUÑSOC,ECO,,2,4
488,4B,MUÑSOC,ECO,,3,5
488,4B,MUÑSOC,ECO,,5,2
488,4C,MUÑSOC,ECO,,2,4
488,4C,MUÑSOC,ECO,,3,5
488,4C,MUÑSOC,ECO,,5,2
488,4D,MUÑSOC,ECO,,2,4
488,4D,MUÑSOC,ECO,,3,5
488,4D,MUÑSOC,ECO,,5,2
488,4E,MUÑSOC,ECO,,2,4
488,4E,MUÑSOC,ECO,,3,5
488,4E,MUÑSOC,ECO,,5,2
488,4A,GONCOM,ECO,,2,4
488,4A,GONCOM,ECO,,3,5
488,4A,GONCOM,ECO,,5,2
488,4B,GONCOM,ECO,,2,4
488,4B,GONCOM,ECO,,3,5
488,4B,GONCOM,ECO,,5,2
488,4C,GONCOM,ECO,,2,4
488,4C,GONCOM,ECO,,3,5
488,4C,GONCOM,ECO,,5,2
488,4D,GONCOM,ECO,,2,4
488,4D,GONCOM,ECO,,3,5
488,4D,GONCOM,ECO,,5,2
488,4E,GONCOM,ECO,,2,4
488,4E,GONCOM,ECO,,3,5
488,4E,GONCOM,ECO,,5,2
488,4A,DONCAT,MUS,,2,4
488,4A,DONCAT,MUS,,3,5
488,4A,DONCAT,MUS,,5,2
488,4B,DONCAT,MUS,,2,4
488,4B,DONCAT,MUS,,3,5
488,4B,DONCAT,MUS,,5,2
488,4C,DONCAT,MUS,,2,4
488,4C,DONCAT,MUS,,3,5
488,4C,DONCAT,MUS,,5,2
488,4D,DONCAT,MUS,,2,4
488,4D,DONCAT,MUS,,3,5
488,4D,DONCAT,MUS,,5,2
488,4E,DONCAT,MUS,,2,4
488,4E,DONCAT,MUS,,3,5
488,4E,DONCAT,MUS,,5,2
489,4A,MARVIP,VIP,,1,1
489,4A,MARVIP,VIP,,3,3
489,4A,MARVIP,VIP,,4,3
489,4B,MARVIP,VIP,,1,1
489,4B,MARVIP,VIP,,3,3
489,4B,MARVIP,VIP,,4,3
489,4C,MARVIP,VIP,,1,1
489,4C,MARVIP,VIP,,3,3
489,4C,MARVIP,VIP,,4,3
489,4D,MARVIP,VIP,,1,1
489,4D,MARVIP,VIP,,3,3
489,4D,MARVIP,VIP,,4,3
489,4E,MARVIP,VIP,,1,1
489,4E,MARVIP,VIP,,3,3
489,4E,MARVIP,VIP,,4,3
489,4A,VIP,VIP,,1,1
489,4A,VIP,VIP,,3,3
489,4A,VIP,VIP,,4,3
489,4B,VIP,VIP,,1,1
489,4B,VIP,VIP,,3,3
489,4B,VIP,VIP,,4,3
489,4C,VIP,VIP,,1,1
489,4C,VIP,VIP,,3,3
489,4C,VIP,VIP,,4,3
489,4D,VIP,VIP,,1,1
489,4D,VIP,VIP,,3,3
489,4D,VIP,VIP,,4,3
489,4E,VIP,VIP,,1,1
489,4E,VIP,VIP,,3,3
489,4E,VIP,VIP,,4,3
489,4A,MUÑTEC,TEC,,1,1
489,4A,MUÑTEC,TEC,,3,3
489,4A,MUÑTEC,TEC,,4,3
489,4B,MUÑTEC,TEC,,1,1
489,4B,MUÑTEC,TEC,,3,3
489,4B,MUÑTEC,TEC,,4,3
489,4C,MUÑTEC,TEC,,1,1
489,4C,MUÑTEC,TEC,,3,3
489,4C,MUÑTEC,TEC,,4,3
489,4D,MUÑTEC,TEC,,1,1
489,4D,MUÑTEC,TEC,,3,3
489,4D,MUÑTEC,TEC,,4,3
489,4E,MUÑTEC,TEC,,1,1
489,4E,MUÑTEC,TEC,,3,3
489,4E,MUÑTEC,TEC,,4,3
489,4A,TEC,TEC,,1,1
489,4A,TEC,TEC,,3,3
489,4A,TEC,TEC,,4,3
489,4B,TEC,TEC,,1,1
489,4B,TEC,TEC,,3,3
489,4B,TEC,TEC,,4,3
489,4C,TEC,TEC,,1,1
489,4C,TEC,TEC,,3,3
489,4C,TEC,TEC,,4,3
489,4D,TEC,TEC,,1,1
489,4D,TEC,TEC,,3,3
489,4D,TEC,TEC,,4,3
489,4E,TEC,TEC,,1,1
489,4E,TEC,TEC,,3,3
489,4E,TEC,TEC,,4,3
489,4A,TOR2SOC,FIL,,1,1
489,4A,TOR2SOC,FIL,,3,3
489,4A,TOR2SOC,FIL,,4,3
489,4B,TOR2SOC,FIL,,1,1
489,4B,TOR2SOC,FIL,,3,3
489,4B,TOR2SOC,FIL,,4,3
489,4C,TOR2SOC,FIL,,1,1
489,4C,TOR2SOC,FIL,,3,3
489,4C,TOR2SOC,FIL,,4,3
489,4D,TOR2SOC,FIL,,1,1
489,4D,TOR2SOC,FIL,,3,3
489,4D,TOR2SOC,FIL,,4,3
489,4E,TOR2SOC,FIL,,1,1
489,4E,TOR2SOC,FIL,,3,3
489,4E,TOR2SOC,FIL,,4,3
489,4A,MUÑSOC,EMP,,1,1
489,4A,MUÑSOC,EMP,,3,3
489,4A,MUÑSOC,EMP,,4,3
489,4B,MUÑSOC,EMP,,1,1
489,4B,MUÑSOC,EMP,,3,3
489,4B,MUÑSOC,EMP,,4,3
489,4C,MUÑSOC,EMP,,1,1
489,4C,MUÑSOC,EMP,,3,3
489,4C,MUÑSOC,EMP,,4,3
489,4D,MUÑSOC,EMP,,1,1
489,4D,MUÑSOC,EMP,,3,3
489,4D,MUÑSOC,EMP,,4,3
489,4E,MUÑSOC,EMP,,1,1
489,4E,MUÑSOC,EMP,,3,3
489,4E,MUÑSOC,EMP,,4,3
490,4A,TEC,DIG,,2,2
490,4A,TEC,DIG,,4,4
490,4A,TEC,DIG,,5,1
490,4B,TEC,DIG,,2,2
490,4B,TEC,DIG,,4,4
490,4B,TEC,DIG,,5,1
490,4C,TEC,DIG,,2,2
490,4C,TEC,DIG,,4,4
490,4C,TEC,DIG,,5,1
490,4D,TEC,DIG,,2,2
490,4D,TEC,DIG,,4,4
490,4D,TEC,DIG,,5,1
490,4E,TEC,DIG,,2,2
490,4E,TEC,DIG,,4,4
490,4E,TEC,DIG,,5,1
490,4A,LÓPINF,DIG,,2,2
490,4A,LÓPINF,DIG,,4,4
490,4A,LÓPINF,DIG,,5,1
490,4B,LÓPINF,DIG,,2,2
490,4B,LÓPINF,DIG,,4,4
490,4B,LÓPINF,DIG,,5,1
490,4C,LÓPINF,DIG,,2,2
490,4C,LÓPINF,DIG,,4,4
490,4C,LÓPINF,DIG,,5,1
490,4D,LÓPINF,DIG,,2,2
490,4D,LÓPINF,DIG,,4,4
490,4D,LÓPINF,DIG,,5,1
490,4E,LÓPINF,DIG,,2,2
490,4E,LÓPINF,DIG,,4,4
490,4E,LÓPINF,DIG,,5,1
490,4A,ANG,FRA,,2,2
490,4A,ANG,FRA,,4,4
490,4A,ANG,FRA,,5,1
490,4B,ANG,FRA,,2,2
490,4B,ANG,FRA,,4,4
490,4B,ANG,FRA,,5,1
490,4C,ANG,FRA,,2,2
490,4C,ANG,FRA,,4,4
490,4C,ANG,FRA,,5,1
490,4D,ANG,FRA,,2,2
490,4D,ANG,FRA,,4,4
490,4D,ANG,FRA,,5,1
490,4E,ANG,FRA,,2,2
490,4E,ANG,FRA,,4,4
490,4E,ANG,FRA,,5,1
490,4A,GAREXP,BIO,,2,2
490,4A,GAREXP,BIO,,4,4
490,4A,GAREXP,BIO,,5,1
490,4B,GAREXP,BIO,,2,2
490,4B,GAREXP,BIO,,4,4
490,4B,GAREXP,BIO,,5,1
490,4C,GAREXP,BIO,,2,2
490,4C,GAREXP,BIO,,4,4
490,4C,GAREXP,BIO,,5,1
490,4D,GAREXP,BIO,,2,2
490,4D,GAREXP,BIO,,4,4
490,4D,GAREXP,BIO,,5,1
490,4E,GAREXP,BIO,,2,2
490,4E,GAREXP,BIO,,4,4
490,4E,GAREXP,BIO,,5,1
490,4A,IZQEXP,BIO,,2,2
490,4A,IZQEXP,BIO,,4,4
490,4A,IZQEXP,BIO,,5,1
490,4B,IZQEXP,BIO,,2,2
490,4B,IZQEXP,BIO,,4,4
490,4B,IZQEXP,BIO,,5,1
490,4C,IZQEXP,BIO,,2,2
490,4C,IZQEXP,BIO,,4,4
490,4C,IZQEXP,BIO,,5,1
490,4D,IZQEXP,BIO,,2,2
490,4D,IZQEXP,BIO,,4,4
490,4D,IZQEXP,BIO,,5,1
490,4E,IZQEXP,BIO,,2,2
490,4E,IZQEXP,BIO,,4,4
490,4E,IZQEXP,BIO,,5,1
490,4A,OSÉVIP,TEA,,2,2
490,4A,OSÉVIP,TEA,,4,4
490,4A,OSÉVIP,TEA,,5,1
490,4B,OSÉVIP,TEA,,2,2
490,4B,OSÉVIP,TEA,,4,4
490,4B,OSÉVIP,TEA,,5,1
490,4C,OSÉVIP,TEA,,2,2
490,4C,OSÉVIP,TEA,,4,4
490,4C,OSÉVIP,TEA,,5,1
490,4D,OSÉVIP,TEA,,2,2
490,4D,OSÉVIP,TEA,,4,4
490,4D,OSÉVIP,TEA,,5,1
490,4E,OSÉVIP,TEA,,2,2
490,4E,OSÉVIP,TEA,,4,4
490,4E,OSÉVIP,TEA,,5,1
492,,LAGMAT,GUARDIA,,2,7
492,,LAGMAT,GUARDIA,,2,8
492,,LAGMAT,GUARDIA,,3,3
492,,LAGMAT,GUARDIA,,5,3
493,,BOIMAT,GUARDIA,,2,1
494,,MAIMAT,GUARDIA,,2,7
494,,MAIMAT,GUARDIA,,2,8
494,,MAIMAT,GUARDIA,,3,1
494,,MAIMAT,GUARDIA,,5,4
495,,MIGMAT,GUARDIA,,2,7
495,,MIGMAT,GUARDIA,,2,8
496,,BORMAT,GUARDIA,,2,7
496,,BORMAT,GUARDIA,,2,8
496,,BORMAT,GUARDIA,,4,4
496,,BORMAT,GUARDIA,,5,2
497,,MARMAT,GUARDIA,,1,4
497,,MARMAT,GUARDIA,,2,7
497,,MARMAT,GUARDIA,,2,8
497,,MARMAT,GUARDIA,,3,5
500,,MAT,GUARDIA,,2,7
500,,MAT,GUARDIA,,2,8
501,,AZNCAT,GUARDIA,,2,7
501,,AZNCAT,GUARDIA,,2,8
501,,AZNCAT,GUARDIA,,4,4
501,,AZNCAT,GUARDIA,,5,6
502,,GUICAT,GUARDIA,,1,4
502,,GUICAT,GUARDIA,,2,7
502,,GUICAT,GUARDIA,,2,8
502,,GUICAT,GUARDIA,,3,1
503,,CALCAT,GUARDIA,,1,1
503,,CALCAT,GUARDIA,,2,7
503,,CALCAT,GUARDIA,,2,8
503,,CALCAT,GUARDIA,,5,1
504,,ROMCAT,GUARDIA,,2,7
504,,ROMCAT,GUARDIA,,2,8
504,,ROMCAT,GUARDIA,,3,2
504,,ROMCAT,GUARDIA,,5,1
505,,MASCAT,GUARDIA,,2,8
506,,ALZCAT,GUARDIA,,2,7
506,,ALZCAT,GUARDIA,,2,8
506,,ALZCAT,GUARDIA,,3,1
506,,ALZCAT,GUARDIA,,4,1
507,,SOTCAT,GUARDIA,,1,3
507,,SOTCAT,GUARDIA,,2,7
507,,SOTCAT,GUARDIA,,2,8
507,,SOTCAT,GUARDIA,,3,1
508,,DONCAT,GUARDIA,,1,1
508,,DONCAT,GUARDIA,,2,7
508,,DONCAT,GUARDIA,,2,8
509,,PARSOC,GUARDIA,,1,6
510,,QUÍSOC,GUARDIA,,1,5
510,,QUÍSOC,GUARDIA,,2,7
510,,QUÍSOC,GUARDIA,,2,8
510,,QUÍSOC,GUARDIA,,4,1
511,,PASSOC,GUARDIA,,2,7
511,,PASSOC,GUARDIA,,2,8
511,,PASSOC,GUARDIA,,3,5
511,,PASSOC,GUARDIA,,5,6
512,,GUISOC,GUARDIA,,1,6
512,,GUISOC,GUARDIA,,2,7
512,,GUISOC,GUARDIA,,2,8
512,,GUISOC,GUARDIA,,3,3
513,,TORSOC,GUARDIA,,1,1
513,,TORSOC,GUARDIA,,2,4
513,,TORSOC,GUARDIA,,3,4
514,,ALBSOC,GUARDIA,,2,7
515,,TOR2SOC,GUARDIA,,2,7
515,,TOR2SOC,GUARDIA,,2,8
515,,TOR2SOC,GUARDIA,,4,2
516,,SOJORI,GUARDIA,,1,3
516,,SOJORI,GUARDIA,,2,5
516,,SOJORI,GUARDIA,,3,6
516,,SOJORI,GUARDIA,,4,6
517,,GÓMORI,GUARDIA,,1,3
517,,GÓMORI,GUARDIA,,2,4
517,,GÓMORI,GUARDIA,,3,2
517,,GÓMORI,GUARDIA,,5,4
518,,ROVORI,GUARDIA,,1,1
518,,ROVORI,GUARDIA,,2,2
518,,ROVORI,GUARDIA,,4,6
518,,ROVORI,GUARDIA,,5,4
519,,RUIORI,GUARDIA,,1,6
519,,RUIORI,GUARDIA,,2,6
519,,RUIORI,GUARDIA,,3,6
519,,RUIORI,GUARDIA,,4,3
520,,CABTEC,GUARDIA,,2,7
520,,CABTEC,GUARDIA,,2,8
520,,CABTEC,GUARDIA,,3,3
520,,CABTEC,GUARDIA,,5,3
521,,MUÑTEC,GUARDIA,,2,7
521,,MUÑTEC,GUARDIA,,2,8
521,,MUÑTEC,GUARDIA,,3,5
521,,MUÑTEC,GUARDIA,,5,5
522,,TEC,GUARDIA,,2,7
522,,TEC,GUARDIA,,2,8
522,,TEC,GUARDIA,,3,5
522,,TEC,GUARDIA,,4,2
523,,SANTEC,GUARDIA,,2,2
524,,AGUANG,GUARDIA,,1,3
524,,AGUANG,GUARDIA,,2,7
524,,AGUANG,GUARDIA,,2,8
524,,AGUANG,GUARDIA,,3,6
525,,ESCANG,GUARDIA,,1,1
525,,ESCANG,GUARDIA,,2,7
525,,ESCANG,GUARDIA,,2,8
525,,ESCANG,GUARDIA,,3,1
526,,VEIANG,GUARDIA,,2,7
526,,VEIANG,GUARDIA,,2,8
526,,VEIANG,GUARDIA,,5,1
527,,GILANG,GUARDIA,,1,6
527,,GILANG,GUARDIA,,2,7
527,,GILANG,GUARDIA,,2,8
527,,GILANG,GUARDIA,,4,5
528,,BLAANG,GUARDIA,,2,7
528,,BLAANG,GUARDIA,,2,8
528,,BLAANG,GUARDIA,,4,6
529,,PONANG,GUARDIA,,2,7
529,,PONANG,GUARDIA,,3,1
532,,ANG,GUARDIA,,2,7
532,,ANG,GUARDIA,,2,8
533,,GONCAS,GUARDIA,,1,2
533,,GONCAS,GUARDIA,,2,7
533,,GONCAS,GUARDIA,,2,8
533,,GONCAS,GUARDIA,,3,6
534,,CAS,GUARDIA,,1,1
534,,CAS,GUARDIA,,2,7
534,,CAS,GUARDIA,,2,8
534,,CAS,GUARDIA,,5,5
535,,ANGCAS,GUARDIA,,2,7
535,,ANGCAS,GUARDIA,,2,8
535,,ANGCAS,GUARDIA,,5,1
536,,SUECAS,GUARDIA,,1,1
536,,SUECAS,GUARDIA,,2,7
536,,SUECAS,GUARDIA,,2,8
536,,SUECAS,GUARDIA,,3,6
537,,MUÑCAS,GUARDIA,,2,7
537,,MUÑCAS,GUARDIA,,2,8
537,,MUÑCAS,GUARDIA,,4,6
537,,MUÑCAS,GUARDIA,,5,5
538,,ORVIP,GUARDIA,,2,7
538,,ORVIP,GUARDIA,,2,8
538,,ORVIP,GUARDIA,,3,5
538,,ORVIP,GUARDIA,,4,2
539,,BORVIP,GUARDIA,,2,7
539,,BORVIP,GUARDIA,,2,8
540,,OSÉVIP,GUARDIA,,2,7
540,,OSÉVIP,GUARDIA,,2,8
540,,OSÉVIP,GUARDIA,,4,1
541,,MARVIP,GUARDIA,,1,3
541,,MARVIP,GUARDIA,,2,7
541,,MARVIP,GUARDIA,,2,8
541,,MARVIP,GUARDIA,,3,2
541,,MARVIP,GUARDIA,,4,1
542,,VIP,GUARDIA,,2,8
543,,MUÑSOC,GUARDIA,,2,7
543,,MUÑSOC,GUARDIA,,2,8
543,,MUÑSOC,GUARDIA,,3,2
543,,MUÑSOC,GUARDIA,,5,5
544,,CAMSOC,GUARDIA,,2,7
544,,CAMSOC,GUARDIA,,2,8
544,,CAMSOC,GUARDIA,,5,3
545,,CODEXP,GUARDIA,,1,1
545,,CODEXP,GUARDIA,,2,7
545,,CODEXP,GUARDIA,,2,8
545,,CODEXP,GUARDIA,,5,2
546,,SALEXP,GUARDIA,,1,6
546,,SALEXP,GUARDIA,,2,7
546,,SALEXP,GUARDIA,,2,8
546,,SALEXP,GUARDIA,,3,1
547,,EXP,GUARDIA,,2,7
547,,EXP,GUARDIA,,2,8
547,,EXP,GUARDIA,,4,3
548,,IZQEXP,GUARDIA,,3,2
549,,GAREXP,GUARDIA,,2,8
549,,GAREXP,GUARDIA,,3,3
549,,GAREXP,GUARDIA,,5,5
550,,JOVEXP,GUARDIA,,2,7
550,,JOVEXP,GUARDIA,,2,8
550,,JOVEXP,GUARDIA,,3,2
550,,JOVEXP,GUARDIA,,5,6
551,,BEJEXP,GUARDIA,,1,1
551,,BEJEXP,GUARDIA,,2,6
551,,BEJEXP,GUARDIA,,4,5
552,,FALEFI,GUARDIA,,2,7
552,,FALEFI,GUARDIA,,2,8
552,,FALEFI,GUARDIA,,3,3
554,,EFI,GUARDIA,,2,7
554,,EFI,GUARDIA,,2,8
555,,DOMDIV,GUARDIA,,1,4
555,,DOMDIV,GUARDIA,,2,7
555,,DOMDIV,GUARDIA,,2,8
555,,DOMDIV,GUARDIA,,3,2
556,,EXPDIV,GUARDIA,,2,7
556,,EXPDIV,GUARDIA,,2,8
556,,EXPDIV,GUARDIA,,3,4
556,,EXPDIV,GUARDIA,,5,3
557,,DIV,GUARDIA,,2,8
558,,FERDIV,GUARDIA,,2,7
559,,BRIDIV,GUARDIA,,2,7
559,,BRIDIV,GUARDIA,,2,8
559,,BRIDIV,GUARDIA,,4,1
560,,GALDIV,GUARDIA,,1,1
560,,GALDIV,GUARDIA,,2,7
560,,GALDIV,GUARDIA,,2,8
560,,GALDIV,GUARDIA,,4,3
561,,BARDIV,GUARDIA,,1,2
561,,BARDIV,GUARDIA,,2,7
561,,BARDIV,GUARDIA,,2,8
562,,SOBDIV,GUARDIA,,2,7
562,,SOBDIV,GUARDIA,,2,8
562,,SOBDIV,GUARDIA,,3,2
562,,SOBDIV,GUARDIA,,5,1
563,,PFI,GUARDIA,,1,4
563,,PFI,GUARDIA,,2,7
563,,PFI,GUARDIA,,2,8
563,,PFI,GUARDIA,,3,5
563,,PFI,GUARDIA,,3,6
563,,PFI,GUARDIA,,4,1
563,,PFI,GUARDIA,,5,5
564,,ROMCOM,GUARDIA,,1,6
564,,ROMCOM,GUARDIA,,2,7
564,,ROMCOM,GUARDIA,,2,8
564,,ROMCOM,GUARDIA,,3,3
564,,ROMCOM,GUARDIA,,4,5
564,,ROMCOM,GUARDIA,,5,2
565,,PILEPCC,GUARDIA,,1,1
565,,PILEPCC,GUARDIA,,2,7
565,,PILEPCC,GUARDIA,,2,8
565,,PILEPCC,GUARDIA,,4,2
566,,MORPCC,GUARDIA,,1,5
567,,CALPCC,GUARDIA,,2,7
567,,CALPCC,GUARDIA,,2,8
567,,CALPCC,GUARDIA,,3,2
567,,CALPCC,GUARDIA,,5,4
568,,MALEPCC,GUARDIA,,2,7
569,,DÍACOM,GUARDIA,,1,3
569,,DÍACOM,GUARDIA,,2,7
569,,DÍACOM,GUARDIA,,2,8
569,,DÍACOM,GUARDIA,,4,6
570,,GIMCOM,GUARDIA,,1,1
570,,GIMCOM,GUARDIA,,2,7
570,,GIMCOM,GUARDIA,,2,8
570,,GIMCOM,GUARDIA,,5,6
571,,PUCOM,GUARDIA,,1,6
571,,PUCOM,GUARDIA,,2,7
571,,PUCOM,GUARDIA,,2,8
571,,PUCOM,GUARDIA,,3,6
571,,PUCOM,GUARDIA,,5,6
572,,HIGMAT,GUARDIA,,1,2
572,,HIGMAT,GUARDIA,,2,5
572,,HIGMAT,GUARDIA,,3,5
572,,HIGMAT,GUARDIA,,5,3
573,,CARINF,GUARDIA,,2,5
573,,CARINF,GUARDIA,,3,6
573,,CARINF,GUARDIA,,4,3
573,,CARINF,GUARDIA,,5,6
574,,TRIINF,GUARDIA,,2,7
574,,TRIINF,GUARDIA,,2,8
574,,TRIINF,GUARDIA,,5,2
575,,TERINF,GUARDIA,,2,7
575,,TERINF,GUARDIA,,2,8
575,,TERINF,GUARDIA,,5,1
576,,QUÍSOC,TUT_FAMILIES,,2,1
577,,MARVIP,TUT_FAMILIES,,2,6
578,,PONANG,TUT_FAMILIES,,2,8
580,,CABTEC,TUT_FAMILIES,,2,5
581,,BARDIV,TUT_FAMILIES,,2,2
582,,MUÑTEC,TUT_FAMILIES,,3,1
583,,SUECAS,TUT_FAMILIES,,2,5
584,,EXP,TUT_FAMILIES,,2,1
585,,ALZCAT,TUT_FAMILIES,,2,3
587,,BRIDIV,TUT_FAMILIES,,2,3
588,,MAIMAT,TUT_FAMILIES,,2,5
589,,OSÉVIP,TUT_FAMILIES,,5,6
590,,GONCAS,TUT_FAMILIES,,2,1
592,,SANTEC,TUT_FAMILIES,,2,3
593,,FERDIV,TUT_FAMILIES,,2,8
595,,CALCAT,TUT_FAMILIES,,2,4
596,,BORMAT,TUT_FAMILIES,,2,2
597,,CAS,TUT_FAMILIES,,2,6
599,,SOBDIV,TUT_FAMILIES,,5,5
600,,ANGCAS,TUT_FAMILIES,,2,3
601,,BLAANG,TUT_FAMILIES,,2,3
602,,ROMCAT,TUT_FAMILIES,,2,6
603,,PARSOC,TUT_FAMILIES,,3,2
604,,MASCAT,TUT_FAMILIES,,2,7
605,,PFI,TUT_FAMILIES,,2,5
606,,DONCAT,TUT_FAMILIES,,4,2
607,,PILEPCC,TUT_FAMILIES,,2,2
608,,MORPCC,TUT_FAMILIES,,1,6
609,,DÍACOM,TUT_FAMILIES,,5,1
610,,HIGMAT,TUT_FAMILIES,,2,3
611,,TRIINF,TUT_FAMILIES,,2,1
612,,TERINF,TUT_FAMILIES,,2,2
613,,GÓMORI,ORIENTACIO,,1,6
613,,GÓMORI,ORIENTACIO,,2,7
613,,GÓMORI,ORIENTACIO,,2,8
613,,GÓMORI,ORIENTACIO,,3,4
613,,GÓMORI,ORIENTACIO,,4,5
613,,GÓMORI,ORIENTACIO,,4,6
613,,GÓMORI,ORIENTACIO,,5,1
613,,GÓMORI,ORIENTACIO,,5,2
614,,RUIORI,ORIENTACIO,,1,4
614,,RUIORI,ORIENTACIO,,1,5
614,,RUIORI,ORIENTACIO,,2,7
614,,RUIORI,ORIENTACIO,,2,8
614,,RUIORI,ORIENTACIO,,3,4
614,,RUIORI,ORIENTACIO,,4,2
614,,RUIORI,ORIENTACIO,,5,5
614,,RUIORI,ORIENTACIO,,5,6
615,,SOJORI,ORIENTACIO,,1,5
615,,SOJORI,ORIENTACIO,,2,7
615,,SOJORI,ORIENTACIO,,2,8
615,,SOJORI,ORIENTACIO,,3,3
615,,SOJORI,ORIENTACIO,,4,4
615,,SOJORI,ORIENTACIO,,4,5
615,,SOJORI,ORIENTACIO,,5,2
615,,SOJORI,ORIENTACIO,,5,3
616,,ROVORI,ORIENTACIO,,1,3
616,,ROVORI,ORIENTACIO,,1,4
616,,ROVORI,ORIENTACIO,,2,7
616,,ROVORI,ORIENTACIO,,2,8
616,,ROVORI,ORIENTACIO,,3,5
616,,ROVORI,ORIENTACIO,,4,3
616,,ROVORI,ORIENTACIO,,4,4
616,,ROVORI,ORIENTACIO,,5,6
617,,MUNORI,ORIENTACIO,,1,2
617,,MUNORI,ORIENTACIO,,1,3
617,,MUNORI,ORIENTACIO,,2,7
617,,MUNORI,ORIENTACIO,,2,8
617,,MUNORI,ORIENTACIO,,3,1
617,,MUNORI,ORIENTACIO,,4,5
617,,MUNORI,ORIENTACIO,,4,6
617,,MUNORI,ORIENTACIO,,5,5
618,,GUISOC,CARREC,,2,1
618,,GUISOC,CARREC,,3,4
618,,GUISOC,CARREC,,5,3
619,,CARINF,COORD.,,1,1
619,,CARINF,COORD.,,2,7
619,,CARINF,COORD.,,2,8
619,,CARINF,COORD.,,3,5
620,,LAGMAT,CARREC,,5,2
621,,MUÑCAS,CARREC,,4,5
622,,AZNCAT,CARREC,,2,2
623,,AGUANG,CARREC,,2,5
624,,TEC,CARREC,,2,1
625,,JOVEXP,CARREC,,2,1
626,,PASSOC,CARREC,,5,1
627,,ORVIP,CARREC,,2,4
628,,FALEFI,CARREC,,5,2
629,,FLOINF,CARREC,,2,6
630,,CALPCC,CARREC,,1,2
631,,GIMCOM,CARREC,,3,4
632,,DELCAS,CARREC,,1,5
632,,DELCAS,CARREC,,2,1
632,,DELCAS,CARREC,,5,4
633,,FLOINF,CARREC,,2,7
633,,FLOINF,CARREC,,2,8
633,,FLOINF,CARREC,,5,6
634,,BEJEXP,CARREC,,2,7
634,,BEJEXP,CARREC,,2,8
634,,BEJEXP,CARREC,,5,3
635,,TORSOC,CARREC,,2,7
635,,TORSOC,CARREC,,2,8
635,,TORSOC,CARREC,,5,4
636,,GUICAT,CARREC,,2,4
636,,GUICAT,CARREC,,4,3
636,,GUICAT,CARREC,,5,3
637,,IZQEXP,CARREC,,2,7
637,,IZQEXP,CARREC,,2,8
637,,IZQEXP,CARREC,,5,2
638,,MARDIV,CARREC,,2,7
638,,MARDIV,CARREC,,2,8
639,,MARMAT,CARREC,,1,3
639,,MARMAT,CARREC,,2,4
639,,MARMAT,CARREC,,3,3
639,,MARMAT,CARREC,,4,5
640,,DONCAT,CARREC,,5,1
641,,SOTCAT,CARREC,,1,2
641,,SOTCAT,CARREC,,2,2
641,,SOTCAT,CARREC,,4,1
642,,SALEXP,CARREC,,2,5
643,,FALEFI,CARREC,,2,2
644,,LÓPINF,CARREC,,2,1
644,,LÓPINF,CARREC,,3,3
644,,LÓPINF,CARREC,,5,4
645,,PILEPCC,FCT,,4,6
646,,TRIINF,FCT,,1,6
646,,TRIINF,FCT,,4,6
647,,TERINF,FCT,,3,6
647,,TERINF,FCT,,5,6
648,,MORPCC,FCT,,2,7
648,,MORPCC,FCT,,2,8
648,,MORPCC,FCT,,4,4
649,,HIGMAT,FCT,,1,1
649,,HIGMAT,FCT,,2,7
649,,HIGMAT,FCT,,2,8
649,,HIGMAT,FCT,,3,6
649,,HIGMAT,FCT,,4,6
650,,BOIMAT,REDUCCIO +55,,2,5
650,,BOIMAT,REDUCCIO +55,,5,6
651,,ESCANG,REDUCCIO +55,,2,4
651,,ESCANG,REDUCCIO +55,,5,1
652,,MUÑCAS,REDUCCIO +55,,2,4
652,,MUÑCAS,REDUCCIO +55,,4,2
653,,CODEXP,REDUCCIO +55,,2,6
653,,CODEXP,REDUCCIO +55,,4,4
654,,GAREXP,REDUCCIO +55,,2,7
654,,GAREXP,REDUCCIO +55,,4,3
655,,MORPCC,REDUCCIO +55,,2,6
655,,MORPCC,REDUCCIO +55,,5,6
656,,BOIMAT,TREC,,2,7
656,,BOIMAT,TREC,,2,8
656,,BOIMAT,TREC,,4,1
657,,MASCAT,TREC,,1,5
657,,MASCAT,TREC,,2,5
657,,MASCAT,TREC,,3,1
658,,PARSOC,TREC,,2,7
658,,PARSOC,TREC,,2,8
658,,PARSOC,TREC,,3,4
659,,SANTEC,TREC,,2,7
659,,SANTEC,TREC,,2,8
659,,SANTEC,TREC,,5,3
660,,DELCAS,TREC,,2,7
660,,DELCAS,TREC,,2,8
660,,DELCAS,TREC,,4,1
661,,IZQEXP,TREC,,1,5
661,,IZQEXP,TREC,,2,4
661,,IZQEXP,TREC,,3,5
662,,FLOINF,TREC,,1,2
662,,FLOINF,TREC,,3,6
662,,FLOINF,TREC,,4,5
663,,BAREXP,CARREC,,1,4
663,,BAREXP,CARREC,,1,5
663,,BAREXP,CARREC,,2,7
663,,BAREXP,CARREC,,2,8
663,,BAREXP,CARREC,,3,1
663,,BAREXP,CARREC,,4,3
663,,BAREXP,CARREC,,4,4
663,,BAREXP,CARREC,,5,3
663,,BAREXP,CARREC,,5,4
664,,BOFORI,CARREC,,1,4
664,,BOFORI,CARREC,,1,5
664,,BOFORI,CARREC,,2,7
664,,BOFORI,CARREC,,2,8
664,,BOFORI,CARREC,,3,2
664,,BOFORI,CARREC,,3,3
664,,BOFORI,CARREC,,4,3
664,,BOFORI,CARREC,,4,4
664,,BOFORI,CARREC,,5,5
664,,BOFORI,CARREC,,5,6
665,,MILINF,CARREC,,1,2
665,,MILINF,CARREC,,1,3
665,,MILINF,CARREC,,2,7
665,,MILINF,CARREC,,2,8
665,,MILINF,CARREC,,3,4
665,,MILINF,CARREC,,3,5
665,,MILINF,CARREC,,4,1
665,,MILINF,CARREC,,4,2
665,,MILINF,CARREC,,5,1
665,,MILINF,CARREC,,5,2
666,,LÓPINF,CARREC,,1,2
666,,LÓPINF,CARREC,,2,7
666,,LÓPINF,CARREC,,2,8
666,,LÓPINF,CARREC,,3,5
666,,LÓPINF,CARREC,,3,6
666,,LÓPINF,CARREC,,4,5
666,,LÓPINF,CARREC,,4,6
666,,LÓPINF,CARREC,,5,5
666,,LÓPINF,CARREC,,5,6
667,,GONCOM,CARREC,,1,1
667,,GONCOM,CARREC,,1,2
667,,GONCOM,CARREC,,2,6
667,,GONCOM,CARREC,,2,7
667,,GONCOM,CARREC,,2,8
667,,GONCOM,CARREC,,3,2
667,,GONCOM,CARREC,,3,3
667,,GONCOM,CARREC,,4,1
667,,GONCOM,CARREC,,4,2
667,,GONCOM,CARREC,,5,1
667,,GONCOM,CARREC,,5,4
667,,GONCOM,CARREC,,5,6
668,,BAREXP,CARREC,,1,6
668,,BAREXP,CARREC,,2,4
668,,BAREXP,CARREC,,3,6
668,,BAREXP,CARREC,,5,2
669,,BOFORI,CARREC,,1,2
669,,BOFORI,CARREC,,2,5
669,,BOFORI,CARREC,,4,1
669,,BOFORI,CARREC,,5,1
670,,MILINF,CARREC,,1,5
670,,MILINF,CARREC,,2,6
670,,MILINF,CARREC,,3,3
670,,MILINF,CARREC,,4,4
671,,LÓPINF,CARREC,,2,6
671,,LÓPINF,CARREC,,3,4
671,,LÓPINF,CARREC,,4,3
671,,LÓPINF,CARREC,,5,2
672,,GONCOM,CARREC,,1,4
672,,GONCOM,CARREC,,2,3
672,,GONCOM,CARREC,,3,1
672,,GONCOM,CARREC,,5,5